Protein.Group	Protein.Names	Genes	First.Protein.Description	N.Sequences	N.Proteotypic.Sequences	raw1/T064137_AurEl8_PM8_DIAIMP_CMB-1719_helalis_1_RD2_1_11076.d	raw1/T064139_AurEl8_PM8_DIAIMP_CMB-1719_helalis_2_RD3_1_11078.d
A0A096LP55;P07919	QCR6L_HUMAN;QCR6_HUMAN	UQCRH;UQCRHL	Cytochrome b-c1 complex subunit 6-like, mitochondrial	2	0	31514.8	19861.8
A0A2R8Y4L2;P09651;Q32P51	RA1L2_HUMAN;RA1L3_HUMAN;ROA1_HUMAN	HNRNPA1;HNRNPA1L2;HNRNPA1L3	Heterogeneous nuclear ribonucleoprotein A1-like 3	1	0		16737.2
A0A3Q0NAE6	A0A3Q0NAE6_LISMG	LMON_0032	Transcriptional regulator LacI family	1	1	17795	
A0A3Q0NAM8	A0A3Q0NAM8_LISMG	LMON_0134	Oligopeptide ABC transporter, periplasmic oligopeptide-binding protein OppA (TC 3.A.1.5.1)	1	1		21095.5
A0A3Q0NAQ5	A0A3Q0NAQ5_LISMG	LMON_0149	Oligopeptide ABC transporter, periplasmic oligopeptide-binding protein OppA (TC 3.A.1.5.1)	1	1	194478	93716.3
A0A3Q0NAT9	A0A3Q0NAT9_LISMG	prs	Ribose-phosphate pyrophosphokinase	1	1		7732.15
A0A3Q0NAV2	A0A3Q0NAV2_LISMG	plcB	Phospholipase C	2	2		33456.3
A0A3Q0NAV6	A0A3Q0NAV6_LISMG	hly	Thiol-activated cytolysin	2	2	226911	237312
A0A3Q0NAY2	A0A3Q0NAY2_LISMG	cysK	Cysteine synthase	1	1		17866
A0A3Q0NB40	A0A3Q0NB40_LISMG	LMON_0294	Serine protease, DegP/HtrA, do-like	1	1	98970	19100.1
A0A3Q0NBH6	A0A3Q0NBH6_LISMG	inlB	Internalin B	1	1		34150.4
A0A3Q0NDW5	A0A3Q0NDW5_LISMG	LMON_1258	Phage protein	1	1		7029.02
A0A3Q0NEI0	A0A3Q0NEI0_LISMG	LMON_1501	Cell division protein FtsI [Peptidoglycan synthetase] / Transpeptidase, Penicillin binding protein transpeptidase domain	3	3	940022	240553
A0A3Q0NEI5	A0A3Q0NEI5_LISMG	rpoD	RNA polymerase sigma factor SigA	1	1		17634.8
A0A3Q0NEX3	A0A3Q0NEX3_LISMG	LMON_1647	Universal stress protein	1	1		10105.6
A0A3Q0NFL4	A0A3Q0NFL4_LISMG	LMON_1888	Serine/threonine-protein kinase PrkC	1	1		13007.4
A0A3Q0NFY3	A0A3Q0NFY3_LISMG	LMON_2000	Heptaprenyl diphosphate synthase component I	1	1		2389.44
A0A3Q0NHR6	A0A3Q0NHR6_LISMG	rplW	Large ribosomal subunit protein uL23	2	2	25359.4	26352.7
A0A3Q0NHS2	A0A3Q0NHS2_LISMG	tuf	Elongation factor Tu	1	1	24614.8	19706.4
A0A3Q0NHV6	A0A3Q0NHV6_LISMG	LMON_2660	Pheromone lipoprotein, related to Cad	1	1	23320.3	
A0A3Q0NHX2	A0A3Q0NHX2_LISMG	LMON_2714	Peptidoglycan hydrolase	1	1		39561.9
A0A3Q0NJ20	A0A3Q0NJ20_LISMG	rplF	Large ribosomal subunit protein uL6	1	1		14648.8
A0A3Q0NJ40	A0A3Q0NJ40_LISMG	rplV	Large ribosomal subunit protein uL22	1	1		14925.5
A0AVF1	IFT56_HUMAN	IFT56	Intraflagellar transport protein 56	1	1		9052.45
A2A3N6;Q99755	PI51A_HUMAN;PIPSL_HUMAN	PIP5K1A;PIPSL	Putative PIP5K1A and PSMD4-like protein	1	0		3894.04
A2VDF0	FUCM_HUMAN	FUOM	Fucose mutarotase	1	1	93846.2	162156
A3KMH1	VWA8_HUMAN	VWA8	von Willebrand factor A domain-containing protein 8	1	1	123547	322049
A4D0T7	SIM30_HUMAN	SMIM30	Small integral membrane protein 30	1	1	227233	
A5YKK6	CNOT1_HUMAN	CNOT1	CCR4-NOT transcription complex subunit 1	1	1		78206.6
A6NCE7;Q9GZQ8	MLP3B_HUMAN;MP3B2_HUMAN	MAP1LC3B;MAP1LC3B2	Microtubule-associated protein 1 light chain 3 beta 2	1	0		24423.7
A6NDU8	RIMC1_HUMAN	RIMOC1	RAB7A-interacting MON1-CCZ1 complex subunit 1	1	1		23557.5
A6NEC2;P55786	PSAL_HUMAN;PSA_HUMAN	NPEPPS;NPEPPSL1	Puromycin-sensitive aminopeptidase-like protein	1	0	27115.3	
A6NHX0	CAST2_HUMAN	CASTOR2	Cytosolic arginine sensor for mTORC1 subunit 2	1	1		36811.4
A6NIZ1;P61224;P62834	RAP1A_HUMAN;RAP1B_HUMAN;RP1BL_HUMAN	RAP1A;RAP1B;RAP1BL	Ras-related protein Rap-1b-like protein	2	0	214040	203562
A8K0Z3;C4AMC7;Q6VEQ5	WASH1_HUMAN;WASH2_HUMAN;WASH3_HUMAN	WASH2P;WASH3P;WASHC1	WASH complex subunit 1	1	0		9178.9
A8MPP1;Q96FC9	D11L8_HUMAN;DDX11_HUMAN	DDX11;DDX11L8	Putative ATP-dependent DNA helicase DDX11-like protein 8	1	0	48750.5	54980.1
A8MT65	ZN891_HUMAN	ZNF891	Zinc finger protein 891	1	1		15781.6
A8MTT3	CEBOS_HUMAN	CEBPZOS	Protein CEBPZOS	3	3	201064	95696.4
A8MWY0	ELAP2_HUMAN	ELAPOR2	Endosome/lysosome-associated apoptosis and autophagy regulator family member 2	1	1	547252	131395
B2RXH8;B7ZW38;O60812;P07910;P0DMR1	HNRC1_HUMAN;HNRC2_HUMAN;HNRC3_HUMAN;HNRC4_HUMAN;HNRPC_HUMAN	HNRNPC;HNRNPCL1;HNRNPCL2;HNRNPCL3;HNRNPCL4	Heterogeneous nuclear ribonucleoprotein C-like 2	4	0	53687.2	96933.9
Cont_P00330	ADH1_YEAST	ADH1	Alcohol dehydrogenase 1	1	1		19418.7
Cont_P00761	TRYP_PIG		Trypsin	3	3	230510	75214.9
Cont_P02465;P08123	CO1A2_BOVIN;CO1A2_HUMAN	COL1A2	Collagen alpha-2(I) chain	3	3	141059	
Cont_P02662	CASA1_BOVIN	CSN1S1	Alpha-S1-casein	14	14	381521	216794
Cont_P02663	CASA2_BOVIN	CSN1S2	Alpha-S2-casein	4	4	25020.8	10067.8
Cont_P02666	CASB_BOVIN	CSN2	Beta-casein	17	17	453022	240464
Cont_P02668	CASK_BOVIN	CSN3	Kappa-casein	2	2	113738	
Cont_P02754	LACB_BOVIN	LGB	Beta-lactoglobulin	1	1	56487.8	
Cont_P02769	ALBU_BOVIN	ALB	Albumin	9	9	82586.3	47142
Cont_Q0VBK2;Q6KB66	K2C80_HUMAN;K2C80_MOUSE	KRT80;Krt80	Keratin, type II cytoskeletal 80	1	0	678155	17043.8
Cont_Q1WEI2	Q1WEI2_PSEAI	prpL	Protease IV	4	4		145838
Cont_Q2HJ86	TBA1D_BOVIN	TUBA1D	Tubulin alpha-1D chain	4	0	86221.8	38081.7
Cont_Q5E9B1;P07195	LDHB_BOVIN;LDHB_HUMAN	LDHB	L-lactate dehydrogenase B chain	1	1		11565.2
Cont_Q6IFZ6	K2C1B_MOUSE	Krt77	Keratin, type II cytoskeletal 1b	2	2	39630.9	
Cont_Q9QWL7;Q04695	K1C17_HUMAN;K1C17_MOUSE	KRT17;Krt17	Keratin, type I cytoskeletal 17	1	0		7219.72
E7ETH6	Z587B_HUMAN	ZNF587B	Zinc finger protein 587B	1	1		107424
E9PAV3;Q13765;Q9BZK3	NACAM_HUMAN;NACA_HUMAN;NACP4_HUMAN	NACA;NACA4P	Nascent polypeptide-associated complex subunit alpha, muscle-specific form	1	0		28327.9
G2XKQ0;P63165	SUMO1_HUMAN;SUMO5_HUMAN	SUMO1;SUMO1P1	Small ubiquitin-related modifier 5	1	0	723823	964154
L0R8F8	MIDUO_HUMAN	MIEF1	Mitochondrial ribosome and complex I assembly factor AltMIEF1	2	2	31706.3	79957.9
O00116	ADAS_HUMAN	AGPS	Alkyldihydroxyacetonephosphate synthase, peroxisomal	4	4	142322	231953
O00141	SGK1_HUMAN	SGK1	Serine/threonine-protein kinase Sgk1	3	1		86317.5
O00232	PSD12_HUMAN	PSMD12	26S proteasome non-ATPase regulatory subunit 12	2	2	49373.2	54054.1
O00255	MEN1_HUMAN	MEN1	Menin	2	2	47557.9	21921.2
O00267	SPT5H_HUMAN	SUPT5H	Transcription elongation factor SPT5	1	1		674027
O00299	CLIC1_HUMAN	CLIC1	Chloride intracellular channel protein 1	1	1		18638.5
O00303	EIF3F_HUMAN	EIF3F	Eukaryotic translation initiation factor 3 subunit F	1	1		7357.79
O00327;Q8WYA1	BMAL1_HUMAN;BMAL2_HUMAN	BMAL1;BMAL2	Basic helix-loop-helix ARNT-like protein 1	1	0		26899.8
O00411	RPOM_HUMAN	POLRMT	DNA-directed RNA polymerase, mitochondrial	1	1		29564.1
O00422	SAP18_HUMAN	SAP18	Histone deacetylase complex subunit SAP18	1	1	29922.4	20220.1
O00471	EXOC5_HUMAN	EXOC5	Exocyst complex component 5	1	1		39366.5
O00483	NDUA4_HUMAN	NDUFA4	Cytochrome c oxidase subunit NDUFA4	1	1	208045	440805
O00487	PSDE_HUMAN	PSMD14	26S proteasome non-ATPase regulatory subunit 14	1	1	19627.6	27816.4
O00534	VMA5A_HUMAN	VWA5A	von Willebrand factor A domain-containing protein 5A	1	1	88706.7	51508.7
O00566	MPP10_HUMAN	MPHOSPH10	U3 small nucleolar ribonucleoprotein protein MPP10	1	1		35496.3
O00567	NOP56_HUMAN	NOP56	Nucleolar protein 56	2	2	74133.8	96489.3
O00571	DDX3X_HUMAN	DDX3X	ATP-dependent RNA helicase DDX3X	1	1		5763.37
O00622	CCN1_HUMAN	CCN1	CCN family member 1	1	1	47266.9	27552.7
O00762	UBE2C_HUMAN	UBE2C	Ubiquitin-conjugating enzyme E2 C	1	1		16381.4
O00767	SCD_HUMAN	SCD	Stearoyl-CoA desaturase	1	1		23803.9
O14525;O75129	ASTN1_HUMAN;ASTN2_HUMAN	ASTN1;ASTN2	Astrotactin-1	1	0		63569.4
O14530	TXND9_HUMAN	TXNDC9	Thioredoxin domain-containing protein 9	1	1		15980
O14602;P47813	IF1AX_HUMAN;IF1AY_HUMAN	EIF1AX;EIF1AY	Eukaryotic translation initiation factor 1A, Y-chromosomal	1	0	161494	194648
O14617	AP3D1_HUMAN	AP3D1	AP-3 complex subunit delta-1	1	1		9749.81
O14672	ADA10_HUMAN	ADAM10	Disintegrin and metalloproteinase domain-containing protein 10	1	1		825395
O14727	APAF_HUMAN	APAF1	Apoptotic protease-activating factor 1	1	1		18720.8
O14733	MP2K7_HUMAN	MAP2K7	Dual specificity mitogen-activated protein kinase kinase 7	1	1		70933.1
O14745	NHRF1_HUMAN	NHERF1	Na(+)/H(+) exchange regulatory cofactor NHE-RF1	1	1		56235.6
O14802	RPC1_HUMAN	POLR3A	DNA-directed RNA polymerase III subunit RPC1	1	1		5189.91
O14818	PSA7_HUMAN	PSMA7	Proteasome subunit alpha type-7	2	1	43119.5	
O14879	IFIT3_HUMAN	IFIT3	Interferon-induced protein with tetratricopeptide repeats 3	1	1		7991.68
O14908	GIPC1_HUMAN	GIPC1	PDZ domain-containing protein GIPC1	5	5		37294.5
O14936	CSKP_HUMAN	CASK	Peripheral plasma membrane protein CASK	1	1	87444.5	186645
O14949	QCR8_HUMAN	UQCRQ	Cytochrome b-c1 complex subunit 8	1	1		6141.64
O14965	AURKA_HUMAN	AURKA	Aurora kinase A	1	1		47024.2
O14976	GAK_HUMAN	GAK	Cyclin-G-associated kinase	1	1		30500.4
O14979	HNRDL_HUMAN	HNRNPDL	Heterogeneous nuclear ribonucleoprotein D-like	1	1		28005.6
O14980	XPO1_HUMAN	XPO1	Exportin-1	3	3	208698	220151
O15020	SPTN2_HUMAN	SPTBN2	Spectrin beta chain, non-erythrocytic 2	2	1	27120	28767.5
O15118	NPC1_HUMAN	NPC1	NPC intracellular cholesterol transporter 1	3	3	336730	193522
O15119;Q13207	TBX2_HUMAN;TBX3_HUMAN	TBX2;TBX3	T-box transcription factor TBX3	1	0		7116.98
O15121	DEGS1_HUMAN	DEGS1	Sphingolipid delta(4)-desaturase DES1	2	2	461370	433794
O15144	ARPC2_HUMAN	ARPC2	Actin-related protein 2/3 complex subunit 2	1	1	17212.6	8016.97
O15164	TIF1A_HUMAN	TRIM24	Transcription intermediary factor 1-alpha	1	1		203541
O15230	LAMA5_HUMAN	LAMA5	Laminin subunit alpha-5	4	4		79766.2
O15294	OGT1_HUMAN	OGT	UDP-N-acetylglucosamine--peptide N-acetylglucosaminyltransferase 110 kDa subunit	2	2		39331.1
O15372	EIF3H_HUMAN	EIF3H	Eukaryotic translation initiation factor 3 subunit H	1	1	118292	121163
O15391;P25490;Q96MM3	TYY1_HUMAN;TYY2_HUMAN;ZFP42_HUMAN	YY1;YY2;ZFP42	Transcription factor YY2	1	0		90227.3
O15397	IPO8_HUMAN	IPO8	Importin-8	1	1		8065.47
O15427	MOT4_HUMAN	SLC16A3	Monocarboxylate transporter 4	3	2	627699	829710
O15439	MRP4_HUMAN	ABCC4	ATP-binding cassette sub-family C member 4	1	1		7692.39
O15514	RPB4_HUMAN	POLR2D	DNA-directed RNA polymerase II subunit RPB4	1	1		25241.7
O15519	CFLAR_HUMAN	CFLAR	CASP8 and FADD-like apoptosis regulator	1	1	24051.9	23416.7
O15525;O60675	MAFG_HUMAN;MAFK_HUMAN	MAFG;MAFK	Transcription factor MafG	1	0	72008.9	
O43149	ZZEF1_HUMAN	ZZEF1	Zinc finger ZZ-type and EF-hand domain-containing protein 1	2	2	115791	404080
O43166	SI1L1_HUMAN	SIPA1L1	Signal-induced proliferation-associated 1-like protein 1	1	1		30485
O43242	PSMD3_HUMAN	PSMD3	26S proteasome non-ATPase regulatory subunit 3	1	1		14194.8
O43251	RFOX2_HUMAN	RBFOX2	RNA binding protein fox-1 homolog 2	2	2		46024.3
O43252;O95340	PAPS1_HUMAN;PAPS2_HUMAN	PAPSS1;PAPSS2	Bifunctional 3'-phosphoadenosine 5'-phosphosulfate synthase 1	1	0		60802.9
O43264	ZW10_HUMAN	ZW10	Centromere/kinetochore protein zw10 homolog	1	1		1.07864e+06
O43290	SNUT1_HUMAN	SART1	U4/U6.U5 tri-snRNP-associated protein 1	1	1		100217
O43292	GPAA1_HUMAN	GPAA1	GPI-anchor transamidase component GPAA1	1	1		19098.3
O43399	TPD54_HUMAN	TPD52L2	Tumor protein D54	2	2		27697.9
O43405	COCH_HUMAN	COCH	Cochlin	1	1		29861.4
O43447	PPIH_HUMAN	PPIH	Peptidyl-prolyl cis-trans isomerase H	1	1		13124.9
O43462	MBTP2_HUMAN	MBTPS2	Membrane-bound transcription factor site-2 protease	1	1	99112.8	317332
O43505	B4GA1_HUMAN	B4GAT1	Beta-1,4-glucuronyltransferase 1	2	2		43847.5
O43602	DCX_HUMAN	DCX	Neuronal migration protein doublecortin	1	1	48211	21692.6
O43617	TPPC3_HUMAN	TRAPPC3	Trafficking protein particle complex subunit 3	2	2	249299	248504
O43707	ACTN4_HUMAN	ACTN4	Alpha-actinin-4	2	2		75861.9
O43716	GATC_HUMAN	GATC	Glutamyl-tRNA(Gln) amidotransferase subunit C, mitochondrial	1	1		16024.3
O43734	CIKS_HUMAN	TRAF3IP2	E3 ubiquitin ligase TRAF3IP2	1	1	79976.7	40940.1
O43808	PM34_HUMAN	SLC25A17	Peroxisomal membrane protein PMP34	1	1		14192.8
O43813	LANC1_HUMAN	LANCL1	Glutathione S-transferase LANCL1	1	1		14420.8
O43824	GTPB6_HUMAN	GTPBP6	Putative GTP-binding protein 6	3	3	12760	13035.8
O43826	G6PT1_HUMAN	SLC37A4	Glucose-6-phosphate exchanger SLC37A4	1	1		28023
O43897;Q9Y6L7	TLL1_HUMAN;TLL2_HUMAN	TLL1;TLL2	Tolloid-like protein 1	1	0	33626.6	44578.3
O43913	ORC5_HUMAN	ORC5	Origin recognition complex subunit 5	1	1	445526	87129.5
O60238	BNI3L_HUMAN	BNIP3L	BCL2/adenovirus E1B 19 kDa protein-interacting protein 3-like	1	1	42838.2	42283.1
O60239	3BP5_HUMAN	SH3BP5	SH3 domain-binding protein 5	1	1	34099.2	129938
O60264	SMCA5_HUMAN	SMARCA5	SWI/SNF-related matrix-associated actin-dependent regulator of chromatin subfamily A member 5	2	1		34197.3
O60287	NPA1P_HUMAN	URB1	Nucleolar pre-ribosomal-associated protein 1	3	3	58385	57855.2
O60291	MGRN1_HUMAN	MGRN1	E3 ubiquitin-protein ligase MGRN1	2	2	19274.5	19303.8
O60306	AQR_HUMAN	AQR	RNA helicase aquarius	1	1	121213	25738.2
O60308	CE104_HUMAN	CEP104	Centrosomal protein of 104 kDa	1	1	218488	438269
O60337	MARH6_HUMAN	MARCHF6	E3 ubiquitin-protein ligase MARCHF6	1	1		41100.4
O60341	KDM1A_HUMAN	KDM1A	Lysine-specific histone demethylase 1A	1	1	114807	82723.3
O60488	ACSL4_HUMAN	ACSL4	Long-chain-fatty-acid--CoA ligase 4	1	1		25449.8
O60502	OGA_HUMAN	OGA	Protein O-GlcNAcase	4	4	164521	150214
O60518	RNBP6_HUMAN	RANBP6	Ran-binding protein 6	2	2		52618.7
O60547	GMDS_HUMAN	GMDS	GDP-mannose 4,6 dehydratase	1	1		3822.11
O60566	BUB1B_HUMAN	BUB1B	Mitotic checkpoint serine/threonine-protein kinase BUB1 beta	2	2	301556	243371
O60613	SEP15_HUMAN	SELENOF	Selenoprotein F	1	1	527424	331393
O60641;Q13492	AP180_HUMAN;PICAL_HUMAN	PICALM;SNAP91	Clathrin coat assembly protein AP180	1	0	32217.3	10841.3
O60645	EXOC3_HUMAN	EXOC3	Exocyst complex component 3	1	1		15436.1
O60664	PLIN3_HUMAN	PLIN3	Perilipin-3	1	1		16731.4
O60669	MOT2_HUMAN	SLC16A7	Monocarboxylate transporter 2	1	1		99763.3
O60762	DPM1_HUMAN	DPM1	Dolichol-phosphate mannosyltransferase subunit 1	2	2	13707.4	8705.87
O60830	TI17B_HUMAN	TIMM17B	Mitochondrial import inner membrane translocase subunit Tim17-B	1	1		40554
O60841	IF2P_HUMAN	EIF5B	Eukaryotic translation initiation factor 5B	1	1	77738.3	5483.89
O60869	EDF1_HUMAN	EDF1	Endothelial differentiation-related factor 1	1	1	205566	324472
O75054	IGSF3_HUMAN	IGSF3	Immunoglobulin superfamily member 3	1	1	123221	490319
O75116;Q13464	ROCK1_HUMAN;ROCK2_HUMAN	ROCK1;ROCK2	Rho-associated protein kinase 2	1	0	541988	44147.8
O75150	BRE1B_HUMAN	RNF40	E3 ubiquitin-protein ligase BRE1B	1	1		27273
O75153	CLU_HUMAN	CLUH	Clustered mitochondria protein homolog	1	1		23589.6
O75179	ANR17_HUMAN	ANKRD17	Ankyrin repeat domain-containing protein 17	3	3	48977.8	94384.4
O75197	LRP5_HUMAN	LRP5	Low-density lipoprotein receptor-related protein 5	1	1	68738.2	100743
O75204	TM127_HUMAN	TMEM127	Transmembrane protein 127	1	1	27745.3	
O75208	COQ9_HUMAN	COQ9	Ubiquinone biosynthesis protein COQ9, mitochondrial	1	1		28431.3
O75319	DUS11_HUMAN	DUSP11	RNA/RNP complex-1-interacting phosphatase	1	1	38360.4	78768.6
O75330	HMMR_HUMAN	HMMR	Hyaluronan mediated motility receptor	1	1		9625.23
O75354	ENTP6_HUMAN	ENTPD6	Ectonucleoside triphosphate diphosphohydrolase 6	1	1		6833.14
O75367	H2AY_HUMAN	MACROH2A1	Core histone macro-H2A.1	1	1		12203.4
O75369	FLNB_HUMAN	FLNB	Filamin-B	4	2	617332	537913
O75381	PEX14_HUMAN	PEX14	Peroxisomal membrane protein PEX14	1	1		11322.5
O75446	SAP30_HUMAN	SAP30	Histone deacetylase complex subunit SAP30	1	1		28869.3
O75448	MED24_HUMAN	MED24	Mediator of RNA polymerase II transcription subunit 24	2	2		35849.7
O75462	CRLF1_HUMAN	CRLF1	Cytokine receptor-like factor 1	1	1		7519.04
O75477	ERLN1_HUMAN	ERLIN1	Erlin-1	1	1		25259.1
O75496	GEMI_HUMAN	GMNN	Geminin	1	1		32288.1
O75526;P38159;Q96E39	RBMX_HUMAN;RMXL1_HUMAN;RMXL2_HUMAN	RBMX;RBMXL1;RBMXL2	RNA-binding motif protein, X-linked-like-2	1	0		20987.5
O75531	BAF_HUMAN	BANF1	Barrier-to-autointegration factor	2	2	12901.3	13394.4
O75533	SF3B1_HUMAN	SF3B1	Splicing factor 3B subunit 1	8	8	658087	650327
O75534	CSDE1_HUMAN	CSDE1	Cold shock domain-containing protein E1	2	2		75132.3
O75570	RF1M_HUMAN	MTRF1	Peptide chain release factor 1, mitochondrial	1	1		20258.7
O75592	MYCB2_HUMAN	MYCBP2	E3 ubiquitin-protein ligase MYCBP2	1	1		38474.9
O75643	U520_HUMAN	SNRNP200	U5 small nuclear ribonucleoprotein 200 kDa helicase	5	5	139034	227714
O75676	KS6A4_HUMAN	RPS6KA4	Ribosomal protein S6 kinase alpha-4	3	2	40472.7	40815.3
O75691	UTP20_HUMAN	UTP20	Small subunit processome component 20 homolog	1	1		17798
O75694	NU155_HUMAN	NUP155	Nuclear pore complex protein Nup155	3	3	58682.7	53200
O75787	RENR_HUMAN	ATP6AP2	Renin receptor	1	1	108540	167777
O75794	CD123_HUMAN	CDC123	Translation initiation factor eIF2 assembly protein	1	1		6444.68
O75821	EIF3G_HUMAN	EIF3G	Eukaryotic translation initiation factor 3 subunit G	1	1		4148.32
O75845	SC5D_HUMAN	SC5D	Lathosterol oxidase	1	1		6119.73
O75874	IDHC_HUMAN	IDH1	Isocitrate dehydrogenase [NADP] cytoplasmic	1	1	13932	
O75886;Q92783	STAM1_HUMAN;STAM2_HUMAN	STAM;STAM2	Signal transducing adapter molecule 2	1	0		7480.44
O75935	DCTN3_HUMAN	DCTN3	Dynactin subunit 3	2	2		1.79838e+06
O75947	ATP5H_HUMAN	ATP5PD	ATP synthase peripheral stalk subunit d, mitochondrial	1	1		70978.3
O75955	FLOT1_HUMAN	FLOT1	Flotillin-1	1	1		30568
O75962	TRIO_HUMAN	TRIO	Triple functional domain protein	2	2		15649.3
O75964	ATP5L_HUMAN	ATP5MG	ATP synthase F(0) complex subunit g, mitochondrial	2	2		21595
O75970	MPDZ_HUMAN	MPDZ	Multiple PDZ domain protein	2	2	22392.3	19118.3
O94761	RECQ4_HUMAN	RECQL4	ATP-dependent DNA helicase Q4	1	1		35907.3
O94766	B3GA3_HUMAN	B3GAT3	Galactosylgalactosylxylosylprotein 3-beta-glucuronosyltransferase 3	1	1	51077.9	29953.2
O94768	ST17B_HUMAN	STK17B	Serine/threonine-protein kinase 17B	1	1		8496.36
O94776;Q9BTC8	MTA2_HUMAN;MTA3_HUMAN	MTA2;MTA3	Metastasis-associated protein MTA2	1	0	106498	
O94777	DPM2_HUMAN	DPM2	Dolichol phosphate-mannose biosynthesis regulatory protein	1	1		33360.6
O94782	UBP1_HUMAN	USP1	Ubiquitin carboxyl-terminal hydrolase 1	2	2		53260.7
O94888	UBXN7_HUMAN	UBXN7	UBX domain-containing protein 7	1	1		13029.3
O94889	KLH18_HUMAN	KLHL18	Kelch-like protein 18	2	2		211084
O94919	ENDD1_HUMAN	ENDOD1	Endonuclease domain-containing 1 protein	1	1	18537.7	20551.5
O94955	RHBT3_HUMAN	RHOBTB3	Rho-related BTB domain-containing protein 3	1	1	428247	241516
O94979	SC31A_HUMAN	SEC31A	Protein transport protein Sec31A	1	1	49607.1	
O95057;P20339;P51148;P61020;Q96HU8	DIRA1_HUMAN;DIRA2_HUMAN;RAB5A_HUMAN;RAB5B_HUMAN;RAB5C_HUMAN	DIRAS1;DIRAS2;RAB5A;RAB5B;RAB5C	GTP-binding protein Di-Ras1	1	0		41817.1
O95067	CCNB2_HUMAN	CCNB2	G2/mitotic-specific cyclin-B2	1	1	176735	261497
O95140	MFN2_HUMAN	MFN2	Mitofusin-2	1	1		15763.6
O95147	DUS14_HUMAN	DUSP14	Dual specificity protein phosphatase 14	1	1		38561.9
O95168	NDUB4_HUMAN	NDUFB4	NADH dehydrogenase [ubiquinone] 1 beta subcomplex subunit 4	2	2	41165.1	125372
O95229	ZWINT_HUMAN	ZWINT	Outer kinetochore KNL1 complex subunit ZWINT	2	2	16954.2	17190.4
O95235	KI20A_HUMAN	KIF20A	Kinesin-like protein KIF20A	1	1		17175.8
O95259	KCNH1_HUMAN	KCNH1	Voltage-gated delayed rectifier potassium channel KCNH1	1	1		7592.85
O95274	LYPD3_HUMAN	LYPD3	Ly6/PLAUR domain-containing protein 3	1	1	11669.9	
O95292	VAPB_HUMAN	VAPB	Vesicle-associated membrane protein-associated protein B/C	1	1	8065.66	9257.24
O95297	MPZL1_HUMAN	MPZL1	Myelin protein zero-like protein 1	1	1	195656	
O95298	NDUC2_HUMAN	NDUFC2	NADH dehydrogenase [ubiquinone] 1 subunit C2	1	1	60105.1	
O95302	FKBP9_HUMAN	FKBP9	Peptidyl-prolyl cis-trans isomerase FKBP9	1	1		183477
O95373	IPO7_HUMAN	IPO7	Importin-7	1	1		6738.82
O95382;Q6ZN16;Q99683	M3K15_HUMAN;M3K5_HUMAN;M3K6_HUMAN	MAP3K15;MAP3K5;MAP3K6	Mitogen-activated protein kinase kinase kinase 6	1	0		15486.2
O95400	CD2B2_HUMAN	CD2BP2	CD2 antigen cytoplasmic tail-binding protein 2	1	1		15056
O95427	PIGN_HUMAN	PIGN	GPI ethanolamine phosphate transferase 1	3	3	62844.6	114750
O95456	PSMG1_HUMAN	PSMG1	Proteasome assembly chaperone 1	1	1		10912.1
O95476	CNEP1_HUMAN	CTDNEP1	CTD nuclear envelope phosphatase 1	1	1	258268	619344
O95486;O95487	SC24A_HUMAN;SC24B_HUMAN	SEC24A;SEC24B	Protein transport protein Sec24A	1	0		26846.6
O95619	YETS4_HUMAN	YEATS4	YEATS domain-containing protein 4	1	1		20029.4
O95707	RPP29_HUMAN	POP4	Ribonuclease P protein subunit p29	1	1		17021
O95716;P20336;P20337;Q96E17	RAB3A_HUMAN;RAB3B_HUMAN;RAB3C_HUMAN;RAB3D_HUMAN	RAB3A;RAB3B;RAB3C;RAB3D	Ras-related protein Rab-3D	1	0		69434.6
O95758	PTBP3_HUMAN	PTBP3	Polypyrimidine tract-binding protein 3	2	1		8300.46
O95786	RIGI_HUMAN	RIGI	Antiviral innate immune response receptor RIG-I	1	1		8003.84
O95816	BAG2_HUMAN	BAG2	BAG family molecular chaperone regulator 2	1	1		15080.3
O95864	FADS2_HUMAN	FADS2	Acyl-CoA 6-desaturase	3	2		77459.8
O95870	ABHGA_HUMAN	ABHD16A	Phosphatidylserine lipase ABHD16A	1	1		12480.9
O95881	TXD12_HUMAN	TXNDC12	Thioredoxin domain-containing protein 12	1	1		12748.1
O95926	SYF2_HUMAN	SYF2	Pre-mRNA-splicing factor SYF2	1	1		18840.8
O95968	SG1D1_HUMAN	SCGB1D1	Secretoglobin family 1D member 1	1	1	57399.1	
O95969	SG1D2_HUMAN	SCGB1D2	Secretoglobin family 1D member 2	1	1	61727	
O95985	TOP3B_HUMAN	TOP3B	DNA topoisomerase 3-beta-1	1	1		17845.5
O96005	CLPT1_HUMAN	CLPTM1	Putative lipid scramblase CLPTM1	2	2	103573	120104
O96007	MOC2B_HUMAN	MOCS2	Molybdopterin synthase catalytic subunit	1	1		14808.1
O96008	TOM40_HUMAN	TOMM40	Mitochondrial import receptor subunit TOM40 homolog	1	1		9476.92
O96019	ACL6A_HUMAN	ACTL6A	Actin-like protein 6A	1	1		18320
P00395	COX1_HUMAN	MT-CO1	Cytochrome c oxidase subunit 1	1	1		12615.2
P00441	SODC_HUMAN	SOD1	Superoxide dismutase [Cu-Zn]	1	1	83759.2	
P00491	PNPH_HUMAN	PNP	Purine nucleoside phosphorylase	1	1	56144.2	
P00492	HPRT_HUMAN	HPRT1	Hypoxanthine-guanine phosphoribosyltransferase	1	1		3581.32
P00751	CFAB_HUMAN	CFB	Complement factor B	1	1		9990.04
P00973	OAS1_HUMAN	OAS1	2'-5'-oligoadenylate synthase 1	1	1	58755	91394.2
P01009;P20848	A1ATR_HUMAN;A1AT_HUMAN	SERPINA1;SERPINA2	Alpha-1-antitrypsin	2	0	143908	
P01040	CYTA_HUMAN	CSTA	Cystatin-A	5	5	217777	
P01106	MYC_HUMAN	MYC	Myc proto-oncogene protein	2	2		34464.4
P01215	GLHA_HUMAN	CGA	Glycoprotein hormones alpha chain	1	1		174660
P01833	PIGR_HUMAN	PIGR	Polymeric immunoglobulin receptor	8	8	154148	
P02533	K1C14_HUMAN	KRT14	Keratin, type I cytoskeletal 14	3	1	58223.7	
P02538;P48668	K2C6A_HUMAN;K2C6C_HUMAN	KRT6A;KRT6C	Keratin, type II cytoskeletal 6A	8	0	104985	7012.96
P02545	LMNA_HUMAN	LMNA	Prelamin-A/C	1	1	80274.9	62164.8
P02766	TTHY_HUMAN	TTR	Transthyretin	1	1	30409.8	
P02768	ALBU_HUMAN	ALB	Albumin	4	4	79834.9	
P02786	TFR1_HUMAN	TFRC	Transferrin receptor protein 1	1	1		101003
P02788	TRFL_HUMAN	LTF	Lactotransferrin	2	2	66423.7	
P02808	STAT_HUMAN	STATH	Statherin	3	3	924183	3833.77
P02810	PRPC_HUMAN	PRH1	Salivary acidic proline-rich phosphoprotein 1/2	13	10	796585	
P02814	SMR3B_HUMAN	SMR3B	Submaxillary gland androgen-regulated protein 3B	1	1	231072	
P03928	ATP8_HUMAN	MT-ATP8	ATP synthase F(0) complex subunit 8	1	1		14286.6
P04035	HMDH_HUMAN	HMGCR	3-hydroxy-3-methylglutaryl-coenzyme A reductase	1	1		42719.7
P04040	CATA_HUMAN	CAT	Catalase	5	5	54118.3	17071.7
P04075	ALDOA_HUMAN	ALDOA	Fructose-bisphosphate aldolase A	2	2	207765	271618
P04080	CYTB_HUMAN	CSTB	Cystatin-B	1	1		14305.9
P04083	ANXA1_HUMAN	ANXA1	Annexin A1	1	1	20594.7	
P04114	APOB_HUMAN	APOB	Apolipoprotein B-100	2	2		25072.5
P04183	KITH_HUMAN	TK1	Thymidine kinase, cytosolic	1	1	92255.6	132842
P04264	K2C1_HUMAN	KRT1	Keratin, type II cytoskeletal 1	59	47	568577	69300.2
P04279	SEMG1_HUMAN	SEMG1	Semenogelin-1	1	1	43486.8	
P04280	PRP1_HUMAN	PRB1	Basic salivary proline-rich protein 1	7	3	1.61258e+06	
P04406	G3P_HUMAN	GAPDH	Glyceraldehyde-3-phosphate dehydrogenase	32	31	161836	43221.3
P04637	P53_HUMAN	TP53	Cellular tumor antigen p53	1	1	24827	42815.5
P04792	HSPB1_HUMAN	HSPB1	Heat shock protein beta-1	4	4	60850.6	68040.6
P04843	RPN1_HUMAN	RPN1	Dolichyl-diphosphooligosaccharide--protein glycosyltransferase subunit 1	1	1		81149
P04844	RPN2_HUMAN	RPN2	Dolichyl-diphosphooligosaccharide--protein glycosyltransferase subunit 2	2	2	8460.3	5309.62
P04908;P0C0S8;P16104;P20671;Q16777;Q6FI13;Q7L7L0;Q93077;Q96KK5;Q99878;Q9BTM1	H2A1B_HUMAN;H2A1C_HUMAN;H2A1D_HUMAN;H2A1H_HUMAN;H2A1J_HUMAN;H2A1_HUMAN;H2A2A_HUMAN;H2A2C_HUMAN;H2A3_HUMAN;H2AJ_HUMAN;H2AX_HUMAN	H2AC11;H2AC12;H2AC14;H2AC18;H2AC20;H2AC25;H2AC4;H2AC6;H2AC7;H2AJ;H2AX	Histone H2A type 1-B/E	2	0	34490.2	34903.7
P04920	B3A2_HUMAN	SLC4A2	Anion exchange protein 2	1	1	39576.8	9758.08
P05023;P13637;P50993;P54707;Q13733	AT12A_HUMAN;AT1A1_HUMAN;AT1A2_HUMAN;AT1A3_HUMAN;AT1A4_HUMAN	ATP12A;ATP1A1;ATP1A2;ATP1A3;ATP1A4	Sodium/potassium-transporting ATPase subunit alpha-1	1	0	118121	
P05089	ARGI1_HUMAN	ARG1	Arginase-1	18	17	345355	
P05109	S10A8_HUMAN	S100A8	Protein S100-A8	1	1		30409.9
P05141	ADT2_HUMAN	SLC25A5	ADP/ATP translocase 2	2	0	76009.1	
P05164	PERM_HUMAN	MPO	Myeloperoxidase	1	1	9509.71	
P05386	RLA1_HUMAN	RPLP1	Large ribosomal subunit protein P1	2	2		85299.6
P05388	RLA0_HUMAN	RPLP0	Large ribosomal subunit protein uL10	2	1	12971.3	5591.52
P05412	JUN_HUMAN	JUN	Transcription factor Jun	1	1		27005.7
P05455	LA_HUMAN	SSB	Lupus La protein	1	1		31441.2
P05556	ITB1_HUMAN	ITGB1	Integrin beta-1	3	3	57640.5	142703
P05771	KPCB_HUMAN	PRKCB	Protein kinase C beta type	1	1		13695.3
P05787	K2C8_HUMAN	KRT8	Keratin, type II cytoskeletal 8	1	1	20235.7	17293.3
P06400	RB_HUMAN	RB1	Retinoblastoma-associated protein	1	1		39450.4
P06493	CDK1_HUMAN	CDK1	Cyclin-dependent kinase 1	2	2	913627	1.96865e+06
P06576	ATPB_HUMAN	ATP5F1B	ATP synthase F(1) complex subunit beta, mitochondrial	1	0	36039	26059
P06702	S10A9_HUMAN	S100A9	Protein S100-A9	5	5	50080.9	20641.3
P06703	S10A6_HUMAN	S100A6	Protein S100-A6	1	1		18154.4
P06733	ENOA_HUMAN	ENO1	Alpha-enolase	12	9	174605	92074.8
P06737	PYGL_HUMAN	PYGL	Glycogen phosphorylase, liver form	2	1	245689	284167
P06756	ITAV_HUMAN	ITGAV	Integrin alpha-V	3	3	597370	1.07692e+06
P07093	GDN_HUMAN	SERPINE2	Glia-derived nexin	2	2	47944	78610
P07099	HYEP_HUMAN	EPHX1	Epoxide hydrolase 1	2	2	252325	473815
P07205	PGK2_HUMAN	PGK2	Phosphoglycerate kinase 2	2	1	29481.2	
P07237	PDIA1_HUMAN	P4HB	Protein disulfide-isomerase	3	3		34354.5
P07339	CATD_HUMAN	CTSD	Cathepsin D	2	2	44303.9	
P07355	ANXA2_HUMAN	ANXA2	Annexin A2	11	4	257058	269242
P07437	TBB5_HUMAN	TUBB	Tubulin beta chain	2	1		26822.8
P07686	HEXB_HUMAN	HEXB	Beta-hexosaminidase subunit beta	2	2	3.34226e+06	1.89956e+06
P07737	PROF1_HUMAN	PFN1	Profilin-1	1	1	16864.2	
P07814	SYEP_HUMAN	EPRS1	Bifunctional glutamate/proline--tRNA ligase	1	1		16151.4
P07900	HS90A_HUMAN	HSP90AA1	Heat shock protein HSP 90-alpha	7	2	25793.9	35731.3
P08048;P17010	ZFX_HUMAN;ZFY_HUMAN	ZFX;ZFY	Zinc finger Y-chromosomal protein	1	0	115446	132581
P08174	DAF_HUMAN	CD55	Complement decay-accelerating factor	4	4	527458	697693
P08195	4F2_HUMAN	SLC3A2	Amino acid transporter heavy chain SLC3A2	2	2		71663
P08237	PFKAM_HUMAN	PFKM	ATP-dependent 6-phosphofructokinase, muscle type	1	1		49018.2
P08238	HS90B_HUMAN	HSP90AB1	Heat shock protein HSP 90-beta	3	1	87376.6	163146
P08574	CY1_HUMAN	CYC1	Cytochrome c1, heme protein, mitochondrial	1	1		4052.68
P08581	MET_HUMAN	MET	Hepatocyte growth factor receptor	2	2	100016	123158
P08648	ITA5_HUMAN	ITGA5	Integrin alpha-5	2	2	64979.8	77759.4
P08670	VIME_HUMAN	VIM	Vimentin	7	5	267190	144071
P08708	RS17_HUMAN	RPS17	Small ribosomal subunit protein eS17	1	1		6515.96
P08727	K1C19_HUMAN	KRT19	Keratin, type I cytoskeletal 19	1	0		67303.4
P08754;P63096	GNAI1_HUMAN;GNAI3_HUMAN	GNAI1;GNAI3	Guanine nucleotide-binding protein G(i) subunit alpha-3	1	0		749756
P08758	ANXA5_HUMAN	ANXA5	Annexin A5	1	1	19575.6	12956.7
P08779	K1C16_HUMAN	KRT16	Keratin, type I cytoskeletal 16	2	2	20656.1	
P09105	HBAT_HUMAN	HBQ1	Hemoglobin subunit theta-1	1	1		14248.1
P09211	GSTP1_HUMAN	GSTP1	Glutathione S-transferase P	2	2	274683	
P09382	LEG1_HUMAN	LGALS1	Galectin-1	2	2		26924.2
P09493	TPM1_HUMAN	TPM1	Tropomyosin alpha-1 chain	1	1	34467.3	
P09661	RU2A_HUMAN	SNRPA1	U2 small nuclear ribonucleoprotein A'	1	1		49125.4
P09669	COX6C_HUMAN	COX6C	Cytochrome c oxidase subunit 6C	2	2		115339
P09884	DPOLA_HUMAN	POLA1	DNA polymerase alpha catalytic subunit	1	1	91538.3	293877
P09914	IFIT1_HUMAN	IFIT1	Antiviral innate immune response effector IFIT1	1	1		30120.9
P09936	UCHL1_HUMAN	UCHL1	Ubiquitin carboxyl-terminal hydrolase isozyme L1	1	1		95314.6
P09960	LKHA4_HUMAN	LTA4H	Leukotriene A-4 hydrolase	1	1		46468
P0C7P4;P47985	UCRIL_HUMAN;UCRI_HUMAN	UQCRFS1;UQCRFS1P1	Putative cytochrome b-c1 complex subunit Rieske-like protein 1	2	0		62207.5
P0C866;Q658Y4	F91A1_HUMAN;F91A2_HUMAN	FAM91A1;LINC00869	Putative uncharacterized protein encoded by LINC00869	1	0		16375
P0CG29;P0CG30	GST2_HUMAN;GSTT2_HUMAN	GSTT2;GSTT2B	Glutathione S-transferase theta-2	1	0		76402.7
P0DI81;P0DI82	TPC2A_HUMAN;TPC2B_HUMAN	TRAPPC2;TRAPPC2B	Trafficking protein particle complex subunit 2	1	0		24432.1
P0DJ07	PT100_HUMAN	PET100	Protein PET100 homolog, mitochondrial	1	1		15027.1
P0DME0;Q01105	SETLP_HUMAN;SET_HUMAN	SET;SETSIP	Protein SETSIP	1	0		5528.3
P0DMV8;P0DMV9	HS71A_HUMAN;HS71B_HUMAN	HSPA1A;HSPA1B	Heat shock 70 kDa protein 1A	1	0		24377.5
P0DPD7;P0DPD8	EFCE2_HUMAN;EFMT4_HUMAN	EEF1AKMT4;EEF1AKMT4-ECE2	EEF1A lysine methyltransferase 4	1	0		45367
P0DTE7;P0DTE8;P0DUB6	AMY1A_HUMAN;AMY1B_HUMAN;AMY1C_HUMAN	AMY1A;AMY1B;AMY1C	Alpha-amylase 1B	1	0	402748	182059
P10163	PRB4_HUMAN	PRB4	Basic salivary proline-rich protein 4	4	3	113179	
P10606	COX5B_HUMAN	COX5B	Cytochrome c oxidase subunit 5B, mitochondrial	2	2	107432	12016.3
P10619	PPGB_HUMAN	CTSA	Lysosomal protective protein	4	4	142439	136414
P10620	MGST1_HUMAN	MGST1	Microsomal glutathione S-transferase 1	1	1		15432.9
P10646	TFPI1_HUMAN	TFPI	Tissue factor pathway inhibitor	1	1		12003.1
P10809	CH60_HUMAN	HSPD1	60 kDa heat shock protein, mitochondrial	14	14	361695	310878
P10909	CLUS_HUMAN	CLU	Clusterin	2	2	38462.4	412951
P11021	BIP_HUMAN	HSPA5	Endoplasmic reticulum chaperone BiP	4	3	20314.9	20626.7
P11047	LAMC1_HUMAN	LAMC1	Laminin subunit gamma-1	2	2	81995.3	214289
P11142;P54652	HSP72_HUMAN;HSP7C_HUMAN	HSPA2;HSPA8	Heat shock cognate 71 kDa protein	3	0	78602.7	
P11216	PYGB_HUMAN	PYGB	Glycogen phosphorylase, brain form	1	1	187986	243587
P11413	G6PD_HUMAN	G6PD	Glucose-6-phosphate 1-dehydrogenase	1	1		14828
P11717	MPRI_HUMAN	IGF2R	Cation-independent mannose-6-phosphate receptor	1	1		13098.7
P11926	DCOR_HUMAN	ODC1	Ornithine decarboxylase	1	1	32662.4	
P11940;Q9H361	PABP1_HUMAN;PABP3_HUMAN	PABPC1;PABPC3	Polyadenylate-binding protein 1	1	0	341330	356373
P12004	PCNA_HUMAN	PCNA	Proliferating cell nuclear antigen	1	1		17349.7
P12268;P20839	IMDH1_HUMAN;IMDH2_HUMAN	IMPDH1;IMPDH2	Inosine-5'-monophosphate dehydrogenase 2	1	0		27172.1
P12270	TPR_HUMAN	TPR	Nucleoprotein TPR	3	3		81312.5
P12277	KCRB_HUMAN	CKB	Creatine kinase B-type	1	1		70133.6
P12429	ANXA3_HUMAN	ANXA3	Annexin A3	1	1		7211.39
P13010	XRCC5_HUMAN	XRCC5	X-ray repair cross-complementing protein 5	2	2	35138.8	75227.6
P13196	HEM1_HUMAN	ALAS1	5-aminolevulinate synthase, non-specific, mitochondrial	1	1		45878.8
P13497	BMP1_HUMAN	BMP1	Bone morphogenetic protein 1	1	1		32236.2
P13498	CY24A_HUMAN	CYBA	Cytochrome b-245 light chain	1	1		41756.6
P13591	NCAM1_HUMAN	NCAM1	Neural cell adhesion molecule 1	2	2	21519.7	12143.8
P13639	EF2_HUMAN	EEF2	Elongation factor 2	7	7	200351	192968
P13645	K1C10_HUMAN	KRT10	Keratin, type I cytoskeletal 10	26	17	469905	95027.6
P13647	K2C5_HUMAN	KRT5	Keratin, type II cytoskeletal 5	11	4	160017	
P13716	HEM2_HUMAN	ALAD	Delta-aminolevulinic acid dehydratase	1	1		27016.1
P13747	HLAE_HUMAN	HLA-E	HLA class I histocompatibility antigen, alpha chain E	3	1		16814.8
P13796	PLSL_HUMAN	LCP1	Plastin-2	2	1	52897.4	29310.3
P13797	PLST_HUMAN	PLS3	Plastin-3	1	1		33003.5
P13807	GYS1_HUMAN	GYS1	Glycogen [starch] synthase, muscle	1	1	38815.7	10568.9
P14618	KPYM_HUMAN	PKM	Pyruvate kinase PKM	9	5	49326.4	27373.8
P14625	ENPL_HUMAN	HSP90B1	Endoplasmin	6	5	747684	676675
P14735	IDE_HUMAN	IDE	Insulin-degrading enzyme	1	1	58535.2	144341
P14866	HNRPL_HUMAN	HNRNPL	Heterogeneous nuclear ribonucleoprotein L	1	1		132803
P14923	PLAK_HUMAN	JUP	Junction plakoglobin	8	5	115806	72663.9
P15036	ETS2_HUMAN	ETS2	Protein C-ets-2	1	1		23987.6
P15153;P60763;P63000	RAC1_HUMAN;RAC2_HUMAN;RAC3_HUMAN	RAC1;RAC2;RAC3	Ras-related C3 botulinum toxin substrate 2	1	0		55903.8
P15170;Q8IYD1	ERF3A_HUMAN;ERF3B_HUMAN	GSPT1;GSPT2	Eukaryotic peptide chain release factor GTP-binding subunit ERF3A	1	0		26926.8
P15291	B4GT1_HUMAN	B4GALT1	Beta-1,4-galactosyltransferase 1	2	2		25505.8
P15336;P17544	ATF2_HUMAN;ATF7_HUMAN	ATF2;ATF7	Cyclic AMP-dependent transcription factor ATF-2	1	0		16618.3
P15407	FOSL1_HUMAN	FOSL1	Fos-related antigen 1	1	1		13139.7
P15559	NQO1_HUMAN	NQO1	NAD(P)H dehydrogenase [quinone] 1	1	1		77256.1
P15924	DESP_HUMAN	DSP	Desmoplakin	35	35	281581	300097
P15927	RFA2_HUMAN	RPA2	Replication protein A 32 kDa subunit	1	1		8417.37
P15954	COX7C_HUMAN	COX7C	Cytochrome c oxidase subunit 7C, mitochondrial	5	5	526989	47200.1
P16066	ANPRA_HUMAN	NPR1	Atrial natriuretic peptide receptor 1	1	1		50452.2
P16278	BGAL_HUMAN	GLB1	Beta-galactosidase	1	1		75689.5
P16403	H12_HUMAN	H1-2	Histone H1.2	3	0	31070.4	8116.34
P16455	MGMT_HUMAN	MGMT	Methylated-DNA--protein-cysteine methyltransferase	1	1		637987
P17014	ZNF12_HUMAN	ZNF12	Zinc finger protein 12	1	1		33553.2
P17252	KPCA_HUMAN	PRKCA	Protein kinase C alpha type	4	3	263651	394268
P17612	KAPCA_HUMAN	PRKACA	cAMP-dependent protein kinase catalytic subunit alpha	1	1	5645.08	
P17655	CAN2_HUMAN	CAPN2	Calpain-2 catalytic subunit	1	1	81598.1	156841
P17693;P01889;P01893;P04439;P10321	HLAA_HUMAN;HLAB_HUMAN;HLAC_HUMAN;HLAG_HUMAN;HLAH_HUMAN	HLA-A;HLA-B;HLA-C;HLA-G;HLA-H	HLA class I histocompatibility antigen, B alpha chain	1	0		4237.61
P17707	DCAM_HUMAN	AMD1	S-adenosylmethionine decarboxylase proenzyme	1	1	86188.2	75499.1
P17844;Q92841	DDX17_HUMAN;DDX5_HUMAN	DDX17;DDX5	Probable ATP-dependent RNA helicase DDX5	1	0		18404.7
P17980	PRS6A_HUMAN	PSMC3	26S proteasome regulatory subunit 6A	2	2	42833	89858.7
P18124	RL7_HUMAN	RPL7	Large ribosomal subunit protein uL30	1	1		280135
P18405	S5A1_HUMAN	SRD5A1	3-oxo-5-alpha-steroid 4-dehydrogenase 1	1	1		9631.05
P18621	RL17_HUMAN	RPL17	Large ribosomal subunit protein uL22	1	1		8743.62
P18859	ATP5J_HUMAN	ATP5PF	ATP synthase peripheral stalk subunit F6, mitochondrial	6	6	47081.8	26387.7
P18887	XRCC1_HUMAN	XRCC1	DNA repair protein XRCC1	1	1		8604.23
P19021	AMD_HUMAN	PAM	Peptidyl-glycine alpha-amidating monooxygenase	1	1	41012.2	50097.6
P19338	NUCL_HUMAN	NCL	Nucleolin	8	8	581753	537629
P19367	HXK1_HUMAN	HK1	Hexokinase-1	2	2		31069.4
P19404	NDUV2_HUMAN	NDUFV2	NADH dehydrogenase [ubiquinone] flavoprotein 2, mitochondrial	1	1		4595.27
P19474	RO52_HUMAN	TRIM21	E3 ubiquitin-protein ligase TRIM21	1	1		5098.71
P20061	TCO1_HUMAN	TCN1	Transcobalamin-1	1	1	29374.8	
P20248	CCNA2_HUMAN	CCNA2	Cyclin-A2	1	1		37038.7
P20290;Q96K17	BT3L4_HUMAN;BTF3_HUMAN	BTF3;BTF3L4	Transcription factor BTF3	1	0		14183.4
P20340;Q9NRW1	RAB6A_HUMAN;RAB6B_HUMAN	RAB6A;RAB6B	Ras-related protein Rab-6A	1	0	146579	173089
P20393	NR1D1_HUMAN	NR1D1	Nuclear receptor subfamily 1 group D member 1	2	1	85765.3	91183.1
P20674	COX5A_HUMAN	COX5A	Cytochrome c oxidase subunit 5A, mitochondrial	4	4	130421	210780
P20700	LMNB1_HUMAN	LMNB1	Lamin-B1	1	1	28485.3	27365.2
P20930	FILA_HUMAN	FLG	Filaggrin	20	15	280958	
P21283	VATC1_HUMAN	ATP6V1C1	V-type proton ATPase subunit C 1	1	1		18236.5
P21291;Q16527	CSRP1_HUMAN;CSRP2_HUMAN	CSRP1;CSRP2	Cysteine and glycine-rich protein 1	1	0		10064.5
P21333	FLNA_HUMAN	FLNA	Filamin-A	1	1	48401.8	62540.6
P21673	SAT1_HUMAN	SAT1	Diamine acetyltransferase 1	1	1		16821.9
P21980	TGM2_HUMAN	TGM2	Protein-glutamine gamma-glutamyltransferase 2	1	1	28301.9	
P22004	BMP6_HUMAN	BMP6	Bone morphogenetic protein 6	1	1		11814.4
P22102	PUR2_HUMAN	GART	Trifunctional purine biosynthetic protein adenosine-3	2	2		51121.1
P22314	UBA1_HUMAN	UBA1	Ubiquitin-like modifier-activating enzyme 1	1	1		45246.7
P22352	GPX3_HUMAN	GPX3	Glutathione peroxidase 3	1	1		32548.5
P22626	ROA2_HUMAN	HNRNPA2B1	Heterogeneous nuclear ribonucleoproteins A2/B1	5	4	90600.1	81957.4
P22694	KAPCB_HUMAN	PRKACB	cAMP-dependent protein kinase catalytic subunit beta	1	1		3489.51
P22736	NR4A1_HUMAN	NR4A1	Nuclear receptor subfamily 4immunitygroup A member 1	2	1	19627	19098.6
P23219;P35354	PGH1_HUMAN;PGH2_HUMAN	PTGS1;PTGS2	Prostaglandin G/H synthase 1	1	0	26234.7	57164.6
P23229	ITA6_HUMAN	ITGA6	Integrin alpha-6	2	2	26331	24603.5
P23396	RS3_HUMAN	RPS3	Small ribosomal subunit protein uS3	1	1	1.16532e+06	73702.8
P23528	COF1_HUMAN	CFL1	Cofilin-1	4	1		29439.6
P23588	IF4B_HUMAN	EIF4B	Eukaryotic translation initiation factor 4B	1	1		49351.9
P23610	HAP40_HUMAN	F8A1	40-kDa huntingtin-associated protein	1	1	164919	47236.2
P24385	CCND1_HUMAN	CCND1	G1/S-specific cyclin-D1	1	1		318464
P24844	MYL9_HUMAN	MYL9	Myosin regulatory light polypeptide 9	2	1		13707.4
P25205	MCM3_HUMAN	MCM3	DNA replication licensing factor MCM3	2	2		73258.7
P25685	DNJB1_HUMAN	DNAJB1	DnaJ homolog subfamily B member 1	2	2	16362.4	15190.8
P25705	ATPA_HUMAN	ATP5F1A	ATP synthase F(1) complex subunit alpha, mitochondrial	2	2		8458.49
P25786	PSA1_HUMAN	PSMA1	Proteasome subunit alpha type-1	2	2	49657	
P25787	PSA2_HUMAN	PSMA2	Proteasome subunit alpha type-2	4	4	19914.8	39668.3
P25789	PSA4_HUMAN	PSMA4	Proteasome subunit alpha type-4	2	2	330101	554006
P26038	MOES_HUMAN	MSN	Moesin	1	0	38513.8	81771.1
P26045	PTN3_HUMAN	PTPN3	Tyrosine-protein phosphatase non-receptor type 3	2	2		13708.8
P26358	DNMT1_HUMAN	DNMT1	DNA (cytosine-5)-methyltransferase 1	3	3	42144.5	50356.6
P26373	RL13_HUMAN	RPL13	Large ribosomal subunit protein eL13	1	1	19858.6	21299.8
P26639	SYTC_HUMAN	TARS1	Threonine--tRNA ligase 1, cytoplasmic	7	7	292048	125740
P26641	EF1G_HUMAN	EEF1G	Elongation factor 1-gamma	5	5	52973.6	41916.4
P27105	STOM_HUMAN	STOM	Stomatin	1	1	548784	754571
P27348	1433T_HUMAN	YWHAQ	14-3-3 protein theta	2	1		22701.3
P27449	VATL_HUMAN	ATP6V0C	V-type proton ATPase 16 kDa proteolipid subunit c	2	2	108970	
P27635;Q96L21	RL10L_HUMAN;RL10_HUMAN	RPL10;RPL10L	Large ribosomal subunit protein uL16	1	0		27193.9
P27797	CALR_HUMAN	CALR	Calreticulin	3	3		26126.8
P27824	CALX_HUMAN	CANX	Calnexin	1	1		9209.81
P27986;Q92569	P55G_HUMAN;P85A_HUMAN	PIK3R1;PIK3R3	Phosphatidylinositol 3-kinase regulatory subunit alpha	2	0	290495	155730
P28066	PSA5_HUMAN	PSMA5	Proteasome subunit alpha type-5	2	2	35120.9	
P28070	PSB4_HUMAN	PSMB4	Proteasome subunit beta type-4	1	1		85365.6
P28072	PSB6_HUMAN	PSMB6	Proteasome subunit beta type-6	1	1	9621.12	
P28074	PSB5_HUMAN	PSMB5	Proteasome subunit beta type-5	1	1		21446.7
P28331	NDUS1_HUMAN	NDUFS1	NADH-ubiquinone oxidoreductase 75 kDa subunit, mitochondrial	1	1		10462.6
P28562	DUS1_HUMAN	DUSP1	Dual specificity protein phosphatase 1	1	1		8922.09
P28838	AMPL_HUMAN	LAP3	Cytosol aminopeptidase	1	1		11827.2
P29218	IMPA1_HUMAN	IMPA1	Inositol monophosphatase 1	1	1	162745	239244
P29375	KDM5A_HUMAN	KDM5A	Lysine-specific demethylase 5A	1	1	43097.4	78305.2
P29401	TKT_HUMAN	TKT	Transketolase	4	4		86108.1
P29508;P48594	SPB3_HUMAN;SPB4_HUMAN	SERPINB3;SERPINB4	Serpin B3	3	0	106613	
P29597	TYK2_HUMAN	TYK2	Non-receptor tyrosine-protein kinase TYK2	1	1		76422.1
P29966	MARCS_HUMAN	MARCKS	Myristoylated alanine-rich C-kinase substrate	1	1		12291.4
P30041	PRDX6_HUMAN	PRDX6	Peroxiredoxin-6	1	1		10740.7
P30048	PRDX3_HUMAN	PRDX3	Thioredoxin-dependent peroxide reductase, mitochondrial	1	1		6526.2
P30050	RL12_HUMAN	RPL12	Large ribosomal subunit protein uL11	1	1		12045
P30101	PDIA3_HUMAN	PDIA3	Protein disulfide-isomerase A3	2	2	19836.5	8125.28
P30153	2AAA_HUMAN	PPP2R1A	Serine/threonine-protein phosphatase 2A 65 kDa regulatory subunit A alpha isoform	2	2	119731	234237
P30154	2AAB_HUMAN	PPP2R1B	Serine/threonine-protein phosphatase 2A 65 kDa regulatory subunit A beta isoform	2	2		81514.4
P30281	CCND3_HUMAN	CCND3	G1/S-specific cyclin-D3	1	1		80263.8
P30304	MPIP1_HUMAN	CDC25A	M-phase inducer phosphatase 1	1	1		10446.6
P30305	MPIP2_HUMAN	CDC25B	M-phase inducer phosphatase 2	1	1	305971	542567
P30408	T4S1_HUMAN	TM4SF1	Transmembrane 4 L6 family member 1	1	1		19311.6
P30414	NKTR_HUMAN	NKTR	NK-tumor recognition protein	1	1	140639	205492
P30530	UFO_HUMAN	AXL	Tyrosine-protein kinase receptor UFO	1	1		5941.26
P30876	RPB2_HUMAN	POLR2B	DNA-directed RNA polymerase II subunit RPB2	2	2		50438.7
P31025	LCN1_HUMAN	LCN1	Lipocalin-1	7	3	54259.2	
P31689	DNJA1_HUMAN	DNAJA1	DnaJ homolog subfamily A member 1	1	1		269608
P31944	CASPE_HUMAN	CASP14	Caspase-14	4	4	39081.2	
P31948	STIP1_HUMAN	STIP1	Stress-induced-phosphoprotein 1	1	1		273210
P32119	PRDX2_HUMAN	PRDX2	Peroxiredoxin-2	2	1	9361.49	9375.45
P32121	ARRB2_HUMAN	ARRB2	Beta-arrestin-2	2	2		102923
P32455;Q9H0R5	GBP1_HUMAN;GBP3_HUMAN	GBP1;GBP3	Guanylate-binding protein 1	1	0	23469	21749.1
P32969	RL9_HUMAN	RPL9	Large ribosomal subunit protein uL6	2	2		27992.7
P33527	MRP1_HUMAN	ABCC1	Multidrug resistance-associated protein 1	2	2	27706.5	4155.75
P33897	ABCD1_HUMAN	ABCD1	ATP-binding cassette sub-family D member 1	1	1	75443.5	112582
P33981	TTK_HUMAN	TTK	Dual specificity protein kinase TTK	1	1		18349.5
P33991	MCM4_HUMAN	MCM4	DNA replication licensing factor MCM4	3	3		33939.8
P33992	MCM5_HUMAN	MCM5	DNA replication licensing factor MCM5	1	1		221372
P33993	MCM7_HUMAN	MCM7	DNA replication licensing factor MCM7	2	2		168858
P34897	GLYM_HUMAN	SHMT2	Serine hydroxymethyltransferase, mitochondrial	1	1		17306.1
P34932	HSP74_HUMAN	HSPA4	Heat shock 70 kDa protein 4	2	1		49821.4
P35221	CTNA1_HUMAN	CTNNA1	Catenin alpha-1	3	3		39211.1
P35232	PHB1_HUMAN	PHB1	Prohibitin 1	1	1		110469
P35250	RFC2_HUMAN	RFC2	Replication factor C subunit 2	1	1		27671.1
P35268	RL22_HUMAN	RPL22	Large ribosomal subunit protein eL22	3	3	13011.7	10370.3
P35527	K1C9_HUMAN	KRT9	Keratin, type I cytoskeletal 9	49	49	894204	8444.34
P35555	FBN1_HUMAN	FBN1	Fibrillin-1	1	1		19770.9
P35579	MYH9_HUMAN	MYH9	Myosin-9	2	2	527269	1.04238e+06
P35606	COPB2_HUMAN	COPB2	Coatomer subunit beta'	2	2		22989.9
P35658	NU214_HUMAN	NUP214	Nuclear pore complex protein Nup214	2	2	185508	182015
P35869	AHR_HUMAN	AHR	Aryl hydrocarbon receptor	1	1		41325.6
P35908	K22E_HUMAN	KRT2	Keratin, type II cytoskeletal 2 epidermal	23	12	157393	13335.6
P36543	VATE1_HUMAN	ATP6V1E1	V-type proton ATPase subunit E 1	1	1	40211.1	30372.2
P36578	RL4_HUMAN	RPL4	Large ribosomal subunit protein uL4	2	2		17203.4
P36639	8ODP_HUMAN	NUDT1	Oxidized purine nucleoside triphosphate hydrolase	1	1		36613.2
P36776	LONM_HUMAN	LONP1	Lon protease homolog, mitochondrial	2	2		59589
P36952	SPB5_HUMAN	SERPINB5	Serpin B5	1	1		14835
P36956	SRBP1_HUMAN	SREBF1	Sterol regulatory element-binding protein 1	2	2		170218
P37268	FDFT_HUMAN	FDFT1	Squalene synthase	2	2		137809
P37837	TALDO_HUMAN	TALDO1	Transaldolase	2	2	43157.8	24275.8
P37840	SYUA_HUMAN	SNCA	Alpha-synuclein	2	1	54829.7	69459.2
P38606	VATA_HUMAN	ATP6V1A	V-type proton ATPase catalytic subunit A	2	2	42249.1	88622.8
P38646	HSPA9_HUMAN	HSPA9	Stress-70 protein, mitochondrial	2	2	20387.3	12260.1
P39748	FEN1_HUMAN	FEN1	Flap endonuclease 1	1	1		51528.5
P40429	RL13A_HUMAN	RPL13A	Large ribosomal subunit protein uL13	3	3		18315.6
P40692	MLH1_HUMAN	MLH1	DNA mismatch repair protein Mlh1	3	3	297852	876105
P40763	STAT3_HUMAN	STAT3	Signal transducer and activator of transcription 3	2	2	38454.8	84927.1
P40818	UBP8_HUMAN	USP8	Ubiquitin carboxyl-terminal hydrolase 8	1	1	51080.6	27944.9
P40926	MDHM_HUMAN	MDH2	Malate dehydrogenase, mitochondrial	1	1	48620.4	11038.4
P40938	RFC3_HUMAN	RFC3	Replication factor C subunit 3	1	1		11720
P41091;Q2VIR3	IF2GL_HUMAN;IF2G_HUMAN	EIF2S3;EIF2S3B	Eukaryotic translation initiation factor 2 subunit 3	1	0		16339.7
P41250	GARS_HUMAN	GARS1	Glycine--tRNA ligase	1	1	301301	437292
P41252	SYIC_HUMAN	IARS1	Isoleucine--tRNA ligase, cytoplasmic	2	2		11117.6
P42126	ECI1_HUMAN	ECI1	Enoyl-CoA delta isomerase 1, mitochondrial	1	1	434230	360409
P42226	STAT6_HUMAN	STAT6	Signal transducer and activator of transcription 6	1	1	54908.4	41435.1
P42285	MTREX_HUMAN	MTREX	Exosome RNA helicase MTR4	2	2		64373.8
P42356	PI4KA_HUMAN	PI4KA	Phosphatidylinositol 4-kinase alpha	2	1		60092.2
P42357	HUTH_HUMAN	HAL	Histidine ammonia-lyase	2	2	105753	
P42677;Q71UM5	RS27L_HUMAN;RS27_HUMAN	RPS27;RPS27L	Small ribosomal subunit protein eS27	2	0	75815.5	52190.9
P42684	ABL2_HUMAN	ABL2	Tyrosine-protein kinase ABL2	1	1		39346
P42694	HELZ_HUMAN	HELZ	Probable helicase with zinc finger domain	1	1		13026.1
P42704	LPPRC_HUMAN	LRPPRC	Leucine-rich PPR motif-containing protein, mitochondrial	1	1		92652.3
P42766	RL35_HUMAN	RPL35	Large ribosomal subunit protein uL29	4	4		53667.2
P43243	MATR3_HUMAN	MATR3	Matrin-3	1	1		30714.9
P43246	MSH2_HUMAN	MSH2	DNA mismatch repair protein Msh2	2	2	39860.9	12432.8
P43251	BTD_HUMAN	BTD	Biotinidase	1	1		54514.2
P43353	AL3B1_HUMAN	ALDH3B1	Aldehyde dehydrogenase family 3 member B1	3	1	63003	146659
P43360	MAGA6_HUMAN	MAGEA6	Melanoma-associated antigen 6	1	1		9964.34
P43364	MAGAB_HUMAN	MAGEA11	Melanoma-associated antigen 11	1	1		1961.79
P43490	NAMPT_HUMAN	NAMPT	Nicotinamide phosphoribosyltransferase	1	1		11195.3
P43686	PRS6B_HUMAN	PSMC4	26S proteasome regulatory subunit 6B	2	2		15260.9
P46060	RAGP1_HUMAN	RANGAP1	Ran GTPase-activating protein 1	1	1		13776.8
P46100	ATRX_HUMAN	ATRX	Transcriptional regulator ATRX	1	1		20674.8
P46777	RL5_HUMAN	RPL5	Large ribosomal subunit protein uL18	2	2	23350.4	15500.5
P46778	RL21_HUMAN	RPL21	Large ribosomal subunit protein eL21	1	1	22596.6	6644.75
P46779	RL28_HUMAN	RPL28	Large ribosomal subunit protein eL28	1	1		21264.1
P46783	RS10_HUMAN	RPS10	Small ribosomal subunit protein eS10	1	1	43581.6	17130.9
P46821	MAP1B_HUMAN	MAP1B	Microtubule-associated protein 1B	2	2		16503.4
P46977	STT3A_HUMAN	STT3A	Dolichyl-diphosphooligosaccharide--protein glycosyltransferase subunit STT3A	1	1		101003
P47914	RL29_HUMAN	RPL29	Large ribosomal subunit protein eL29	3	3	11460.4	11629.4
P48047	ATPO_HUMAN	ATP5PO	ATP synthase peripheral stalk subunit OSCP, mitochondrial	2	2		36099.4
P48060	GLIP1_HUMAN	GLIPR1	Glioma pathogenesis-related protein 1	1	1		10399.1
P48167	GLRB_HUMAN	GLRB	Glycine receptor subunit beta	1	1		41082.4
P48200	IREB2_HUMAN	IREB2	Iron-responsive element-binding protein 2	1	1	75872.2	
P48201	AT5G3_HUMAN	ATP5MC3	ATP synthase F(0) complex subunit C3, mitochondrial	1	1		13829.4
P48634	PRC2A_HUMAN	PRRC2A	Protein PRRC2A	2	2		112857
P48730	KC1D_HUMAN	CSNK1D	Casein kinase I isoform delta	2	1	71259.8	113341
P48735	IDHP_HUMAN	IDH2	Isocitrate dehydrogenase [NADP], mitochondrial	2	2	9643.31	9666.98
P48764	SL9A3_HUMAN	SLC9A3	Sodium/hydrogen exchanger 3	1	1		13423.6
P49321	NASP_HUMAN	NASP	Nuclear autoantigenic sperm protein	2	2		41423.2
P49327	FAS_HUMAN	FASN	Fatty acid synthase	3	3	88555.8	107812
P49366	DHYS_HUMAN	DHPS	Deoxyhypusine synthase	1	1	62440.1	
P49368	TCPG_HUMAN	CCT3	T-complex protein 1 subunit gamma	4	4	240261	551347
P49411	EFTU_HUMAN	TUFM	Elongation factor Tu, mitochondrial	2	2	1.06188e+06	1.42961e+06
P49419	AL7A1_HUMAN	ALDH7A1	Alpha-aminoadipic semialdehyde dehydrogenase	1	1		149932
P49427;Q712K3	UB2R1_HUMAN;UB2R2_HUMAN	CDC34;UBE2R2	Ubiquitin-conjugating enzyme E2 R1	1	0	93925.2	250324
P49458	SRP09_HUMAN	SRP9	Signal recognition particle 9 kDa protein	1	1		30492.5
P49585;Q9Y5K3	PCY1A_HUMAN;PCY1B_HUMAN	PCYT1A;PCYT1B	Choline-phosphate cytidylyltransferase A	2	0	1.83344e+06	2.29996e+06
P49588	SYAC_HUMAN	AARS1	Alanine--tRNA ligase, cytoplasmic	1	1	585746	876798
P49590	SYHM_HUMAN	HARS2	Histidine--tRNA ligase, mitochondrial	2	1		112030
P49642	PRI1_HUMAN	PRIM1	DNA primase small subunit	1	1	7022.8	
P49643	PRI2_HUMAN	PRIM2	DNA primase large subunit	1	1		77908.3
P49674	KC1E_HUMAN	CSNK1E	Casein kinase I isoform epsilon	1	1		36500.7
P49721	PSB2_HUMAN	PSMB2	Proteasome subunit beta type-2	2	2	85890.1	65530.5
P49755	TMEDA_HUMAN	TMED10	Transmembrane emp24 domain-containing protein 10	3	3	53321.1	108090
P49790	NU153_HUMAN	NUP153	Nuclear pore complex protein Nup153	1	1		61407.9
P49792	RBP2_HUMAN	RANBP2	E3 SUMO-protein ligase RanBP2	3	0	166941	234062
P50238	CRIP1_HUMAN	CRIP1	Cysteine-rich protein 1	1	1		7269.81
P50395	GDIB_HUMAN	GDI2	Rab GDP dissociation inhibitor beta	3	2	41585	27750.4
P50416	CPT1A_HUMAN	CPT1A	Carnitine O-palmitoyltransferase 1, liver isoform	2	2	100390	173120
P50454	SERPH_HUMAN	SERPINH1	Serpin H1	3	3	441816	824454
P50502;Q8IZP2	F10A1_HUMAN;ST134_HUMAN	ST13;ST13P4	Hsc70-interacting protein	2	0		29686.7
P50570	DYN2_HUMAN	DNM2	Dynamin-2	1	1		15592.2
P50579	MAP2_HUMAN	METAP2	Methionine aminopeptidase 2	1	1		23389.2
P50747	BPL1_HUMAN	HLCS	Biotin--protein ligase	2	2		110039
P50851	LRBA_HUMAN	LRBA	Lipopolysaccharide-responsive and beige-like anchor protein	2	2		59123.8
P50897	PPT1_HUMAN	PPT1	Palmitoyl-protein thioesterase 1	3	3	60599	112585
P50914	RL14_HUMAN	RPL14	Large ribosomal subunit protein eL14	2	2	17207.7	17663.8
P50990	TCPQ_HUMAN	CCT8	T-complex protein 1 subunit theta	2	2	4.04746e+06	3.31443e+06
P51114	FXR1_HUMAN	FXR1	RNA-binding protein FXR1	3	1	278464	247188
P51149	RAB7A_HUMAN	RAB7A	Ras-related protein Rab-7a	1	1		10988
P51398	RT29_HUMAN	DAP3	Small ribosomal subunit protein mS29	4	4	1.33664e+06	420353
P51531	SMCA2_HUMAN	SMARCA2	SWI/SNF-related matrix-associated actin-dependent regulator of chromatin subfamily A member 2	3	3		15002.1
P51532	SMCA4_HUMAN	SMARCA4	SWI/SNF-related matrix-associated actin-dependent regulator of chromatin subfamily A member 4	1	1		154431
P51571	SSRD_HUMAN	SSR4	Translocon-associated protein subunit delta	1	1		57862.7
P51572	BAP31_HUMAN	BCAP31	B-cell receptor-associated protein 31	1	1	62958.8	
P51587	BRCA2_HUMAN	BRCA2	Breast cancer type 2 susceptibility protein	2	2	43436.2	31531.7
P51659	DHB4_HUMAN	HSD17B4	Peroxisomal multifunctional enzyme type 2	1	1		6370.16
P51665	PSMD7_HUMAN	PSMD7	26S proteasome non-ATPase regulatory subunit 7	2	2	141289	125877
P51793	CLCN4_HUMAN	CLCN4	H(+)/Cl(-) exchange transporter 4	1	1	62522.2	58541.4
P51798	CLCN7_HUMAN	CLCN7	H(+)/Cl(-) exchange transporter 7	1	1		73523.1
P51805	PLXA3_HUMAN	PLXNA3	Plexin-A3	1	1		153577
P51825	AFF1_HUMAN	AFF1	AF4/FMR2 family member 1	1	1	96199.5	86413.5
P51948	MAT1_HUMAN	MNAT1	CDK-activating kinase assembly factor MAT1	1	1		15052.1
P51955	NEK2_HUMAN	NEK2	Serine/threonine-protein kinase Nek2	1	1		9496.86
P52209	6PGD_HUMAN	PGD	6-phosphogluconate dehydrogenase, decarboxylating	2	2		14013
P52272	HNRPM_HUMAN	HNRNPM	Heterogeneous nuclear ribonucleoprotein M	1	1		8525.86
P52306	GDS1_HUMAN	RAP1GDS1	Rap1 GTPase-GDP dissociation stimulator 1	2	2		116960
P52435;Q9GZM3;Q9H1A7	RPB11_HUMAN;RPB1B_HUMAN;RPB1C_HUMAN	POLR2J;POLR2J2;POLR2J3	DNA-directed RNA polymerase II subunit RPB11-a	1	0		27469.5
P52739	ZN131_HUMAN	ZNF131	Zinc finger protein 131	1	1		32715.2
P52895;Q04828	AK1C1_HUMAN;AK1C2_HUMAN	AKR1C1;AKR1C2	Aldo-keto reductase family 1 member C2	1	0		22783
P52907	CAZA1_HUMAN	CAPZA1	F-actin-capping protein subunit alpha-1	1	1	77840.2	
P53350	PLK1_HUMAN	PLK1	Serine/threonine-protein kinase PLK1	1	1		22971
P53365	ARFP2_HUMAN	ARFIP2	Arfaptin-2	1	1		74834.8
P53396	ACLY_HUMAN	ACLY	ATP-citrate synthase	1	1	49238.3	44504
P53618	COPB_HUMAN	COPB1	Coatomer subunit beta	2	2		52319.5
P53621	COPA_HUMAN	COPA	Coatomer subunit alpha	1	1		15888.8
P53634	CATC_HUMAN	CTSC	Dipeptidyl peptidase 1	2	2		2996.95
P53675	CLH2_HUMAN	CLTCL1	Clathrin heavy chain 2	1	1		63247.8
P53680	AP2S1_HUMAN	AP2S1	AP-2 complex subunit sigma	2	2	165746	278704
P53804	TTC3_HUMAN	TTC3	E3 ubiquitin-protein ligase TTC3	1	1		33446
P53985	MOT1_HUMAN	SLC16A1	Monocarboxylate transporter 1	3	3	413308	577911
P53999	TCP4_HUMAN	SUB1	Activated RNA polymerase II transcriptional coactivator p15	1	1		4811.04
P54108	CRIS3_HUMAN	CRISP3	Cysteine-rich secretory protein 3	2	2	135623	
P54136	SYRC_HUMAN	RARS1	Arginine--tRNA ligase, cytoplasmic	1	1	320761	184333
P54278	PMS2_HUMAN	PMS2	Mismatch repair endonuclease PMS2	1	0		26979.5
P54619;Q9UGJ0	AAKG1_HUMAN;AAKG2_HUMAN	PRKAG1;PRKAG2	5'-AMP-activated protein kinase subunit gamma-1	1	0	96241.7	
P54802	ANAG_HUMAN	NAGLU	Alpha-N-acetylglucosaminidase	1	1		10677.7
P55011	S12A2_HUMAN	SLC12A2	Solute carrier family 12 member 2	1	1		13708.1
P55039	DRG2_HUMAN	DRG2	Developmentally-regulated GTP-binding protein 2	1	1		12409
P55055	NR1H2_HUMAN	NR1H2	Oxysterols receptor LXR-beta	1	1	195817	416248
P55061	BI1_HUMAN	TMBIM6	Bax inhibitor 1	2	2		29738.2
P55081	MFAP1_HUMAN	MFAP1	Microfibrillar-associated protein 1	3	3	16870.1	24752.6
P55145	MANF_HUMAN	MANF	Mesencephalic astrocyte-derived neurotrophic factor	1	1		20644.5
P55196	AFAD_HUMAN	AFDN	Afadin	1	1	83304.2	
P55290	CAD13_HUMAN	CDH13	Cadherin-13	1	1		45462.3
P55884	EIF3B_HUMAN	EIF3B	Eukaryotic translation initiation factor 3 subunit B	1	1		30241.8
P56381	ATP5E_HUMAN	ATP5F1E	ATP synthase F(1) complex subunit epsilon, mitochondrial	4	3	55693.6	44506.2
P56385	ATP5I_HUMAN	ATP5ME	ATP synthase F(0) complex subunit e, mitochondrial	1	1		21075.6
P56749	CLD12_HUMAN	CLDN12	Claudin-12	1	1		50330.8
P56937	DHB7_HUMAN	HSD17B7	3-keto-steroid reductase/17-beta-hydroxysteroid dehydrogenase 7	1	1	149222	127886
P57678	GEMI4_HUMAN	GEMIN4	Gem-associated protein 4	2	2		112030
P57723	PCBP4_HUMAN	PCBP4	Poly(rC)-binding protein 4	1	1	35083.5	53766.5
P57729;Q13637	RAB32_HUMAN;RAB38_HUMAN	RAB32;RAB38	Ras-related protein Rab-38	1	0	288965	
P57740	NU107_HUMAN	NUP107	Nuclear pore complex protein Nup107	2	2	85169.4	130641
P58107	EPIPL_HUMAN	EPPK1	Epiplakin	2	2	15992.5	19100.5
P59817;Q6N043;Q86YH2	Z280A_HUMAN;Z280B_HUMAN;Z280D_HUMAN	ZNF280A;ZNF280B;ZNF280D	Zinc finger protein 280A	1	0		13737.6
P59998	ARPC4_HUMAN	ARPC4	Actin-related protein 2/3 complex subunit 4	1	1	1.80103e+06	749490
P60059	SC61G_HUMAN	SEC61G	Protein transport protein Sec61 subunit gamma	2	2		14523.7
P60174	TPIS_HUMAN	TPI1	Triosephosphate isomerase	4	4	86643.8	
P60228	EIF3E_HUMAN	EIF3E	Eukaryotic translation initiation factor 3 subunit E	1	1		35430.3
P60510	PP4C_HUMAN	PPP4C	Serine/threonine-protein phosphatase 4 catalytic subunit	1	1		42366.1
P60660	MYL6_HUMAN	MYL6	Myosin light polypeptide 6	1	1	55554.2	93832.8
P60709;P63261	ACTB_HUMAN;ACTG_HUMAN	ACTB;ACTG1	Actin, cytoplasmic 1	22	0	1.18899e+06	681030
P61006;Q92930	RAB8A_HUMAN;RAB8B_HUMAN	RAB8A;RAB8B	Ras-related protein Rab-8A	1	0		29369
P61026	RAB10_HUMAN	RAB10	Ras-related protein Rab-10	2	1	27764.9	14297
P61073	CXCR4_HUMAN	CXCR4	C-X-C chemokine receptor type 4	3	3	67390.6	76931.9
P61086	UBE2K_HUMAN	UBE2K	Ubiquitin-conjugating enzyme E2 K	1	1		10367.6
P61160	ARP2_HUMAN	ACTR2	Actin-related protein 2	1	1		10058.1
P61163	ACTZ_HUMAN	ACTR1A	Alpha-centractin	2	1		39595.1
P61225	RAP2B_HUMAN	RAP2B	Ras-related protein Rap-2b	1	1	13610	4358.17
P61247	RS3A_HUMAN	RPS3A	Small ribosomal subunit protein eS1	1	1	143391	234384
P61254;Q9UNX3	RL26L_HUMAN;RL26_HUMAN	RPL26;RPL26L1	Large ribosomal subunit protein uL24	1	0		40466.6
P61289	PSME3_HUMAN	PSME3	Proteasome activator complex subunit 3	4	4	274860	360938
P61313	RL15_HUMAN	RPL15	Large ribosomal subunit protein eL15	2	2		182512
P61326;Q96A72	MGN2_HUMAN;MGN_HUMAN	MAGOH;MAGOHB	Protein mago nashi homolog	2	0		40183.6
P61353	RL27_HUMAN	RPL27	Large ribosomal subunit protein eL27	2	2	380427	334813
P61513	RL37A_HUMAN	RPL37A	Large ribosomal subunit protein eL43	3	3	15606.2	14052.9
P61586	RHOA_HUMAN	RHOA	Transforming protein RhoA	2	1		28811.5
P61587	RND3_HUMAN	RND3	Rho-related GTP-binding protein RhoE	1	1		62333.1
P61626	LYSC_HUMAN	LYZ	Lysozyme C	2	2	121375	
P61764	STXB1_HUMAN	STXBP1	Syntaxin-binding protein 1	1	1		19933.7
P61769	B2MG_HUMAN	B2M	Beta-2-microglobulin	7	7	635555	274700
P61803	DAD1_HUMAN	DAD1	Dolichyl-diphosphooligosaccharide--protein glycosyltransferase subunit DAD1	1	1	46501.2	
P61962	DCAF7_HUMAN	DCAF7	DDB1- and CUL4-associated factor 7	1	1		10489.6
P61968	LMO4_HUMAN	LMO4	LIM domain transcription factor LMO4	1	1	36410.2	149461
P61978	HNRPK_HUMAN	HNRNPK	Heterogeneous nuclear ribonucleoprotein K	4	4	27900.8	28664.7
P62081	RS7_HUMAN	RPS7	Small ribosomal subunit protein eS7	8	8	301807	271288
P62136	PP1A_HUMAN	PPP1CA	Serine/threonine-protein phosphatase PP1-alpha catalytic subunit	4	1	706538	521314
P62191	PRS4_HUMAN	PSMC1	26S proteasome regulatory subunit 4	2	2	36421.3	35331.5
P62195	PRS8_HUMAN	PSMC5	26S proteasome regulatory subunit 8	1	1		114875
P62263	RS14_HUMAN	RPS14	Small ribosomal subunit protein uS11	1	1		25734.3
P62266	RS23_HUMAN	RPS23	Small ribosomal subunit protein uS12	1	1		17051.1
P62273	RS29_HUMAN	RPS29	Small ribosomal subunit protein uS14	5	5	303074	317495
P62277	RS13_HUMAN	RPS13	Small ribosomal subunit protein uS15	1	1		12567
P62280	RS11_HUMAN	RPS11	Small ribosomal subunit protein uS17	2	2	416320	296882
P62306	RUXF_HUMAN	SNRPF	Small nuclear ribonucleoprotein F	1	1		83233.9
P62328	TYB4_HUMAN	TMSB4X	Thymosin beta-4	2	1	63406.6	
P62487	RPB7_HUMAN	POLR2G	DNA-directed RNA polymerase II subunit RPB7	1	1	210201	185094
P62633	CNBP_HUMAN	CNBP	CCHC-type zinc finger nucleic acid binding protein	1	1		8301.15
P62701	RS4X_HUMAN	RPS4X	Small ribosomal subunit protein eS4, X isoform	4	4	444426	269842
P62750	RL23A_HUMAN	RPL23A	Large ribosomal subunit protein uL23	7	7	80869.2	37523.1
P62805	H4_HUMAN	H4C1	Histone H4	6	6	101002	41671.3
P62829	RL23_HUMAN	RPL23	Large ribosomal subunit protein uL14	4	4	627847	525935
P62847	RS24_HUMAN	RPS24	Small ribosomal subunit protein eS24	1	1	23715.5	6288.9
P62851	RS25_HUMAN	RPS25	Small ribosomal subunit protein eS25	2	2		139312
P62854;Q5JNZ5	RS26L_HUMAN;RS26_HUMAN	RPS26;RPS26P11	Small ribosomal subunit protein eS26	1	0		52318.9
P62857	RS28_HUMAN	RPS28	Small ribosomal subunit protein eS28	1	1	19963.3	
P62861	RS30_HUMAN	FAU	Ubiquitin-like FUBI-ribosomal protein eS30 fusion protein	3	3	20870.8	16158.7
P62888	RL30_HUMAN	RPL30	Large ribosomal subunit protein eL30	1	1		12837.9
P62891	RL39_HUMAN	RPL39	Large ribosomal subunit protein eL39	3	3	272503	
P62899	RL31_HUMAN	RPL31	Large ribosomal subunit protein eL31	4	4	101989	80656.2
P62906	RL10A_HUMAN	RPL10A	Large ribosomal subunit protein uL1	1	1		46337.1
P62913	RL11_HUMAN	RPL11	Large ribosomal subunit protein uL5	3	3	873357	741522
P62917	RL8_HUMAN	RPL8	Large ribosomal subunit protein uL2	1	1		19358.3
P62937	PPIA_HUMAN	PPIA	Peptidyl-prolyl cis-trans isomerase A	2	2	31767.7	32085.3
P62979	RS27A_HUMAN	RPS27A	Ubiquitin-ribosomal protein eS31 fusion protein	1	1		25227.8
P62987	RL40_HUMAN	UBA52	Ubiquitin-ribosomal protein eL40 fusion protein	5	4	127321	66274.3
P63092;Q5JWF2	GNAS1_HUMAN;GNAS2_HUMAN	GNAS	Guanine nucleotide-binding protein G(s) subunit alpha isoforms short	3	3	194825	444644
P63104	1433Z_HUMAN	YWHAZ	14-3-3 protein zeta/delta	1	1	10845.8	
P63167;Q96FJ2	DYL1_HUMAN;DYL2_HUMAN	DYNLL1;DYNLL2	Dynein light chain 1, cytoplasmic	3	0	134842	78076.6
P63172	DYLT1_HUMAN	DYNLT1	Dynein light chain Tctex-type 1	2	2	145685	269394
P63173	RL38_HUMAN	RPL38	Large ribosomal subunit protein eL38	8	8	67603.9	41551.5
P63220	RS21_HUMAN	RPS21	Small ribosomal subunit protein eS21	1	1	21004.4	
P63241;Q6IS14;Q9GZV4	IF5A1_HUMAN;IF5A2_HUMAN;IF5AL_HUMAN	EIF5A;EIF5A2;EIF5AL1	Eukaryotic translation initiation factor 5A-1	2	0	15315.6	7064.36
P63244	RACK1_HUMAN	RACK1	Small ribosomal subunit protein RACK1	1	1		28758.3
P68104;Q5VTE0	EF1A1_HUMAN;EF1A3_HUMAN	EEF1A1;EEF1A1P5	Elongation factor 1-alpha 1	14	0	35500	17887.5
P68363;Q71U36	TBA1A_HUMAN;TBA1B_HUMAN	TUBA1A;TUBA1B	Tubulin alpha-1B chain	1	0	36596.7	
P68431;P84243;Q16695;Q71DI3	H31T_HUMAN;H31_HUMAN;H32_HUMAN;H33_HUMAN	H3-3A;H3-4;H3C1;H3C15	Histone H3.1	2	0		20957.3
P68871	HBB_HUMAN	HBB	Hemoglobin subunit beta	2	2	30934.2	16011
P69905	HBA_HUMAN	HBA1	Hemoglobin subunit alpha	3	2	59112.7	63577.3
P78347	GTF2I_HUMAN	GTF2I	General transcription factor II-I	3	3	89459.1	110160
P78362	SRPK2_HUMAN	SRPK2	SRSF protein kinase 2	1	0	120664	211825
P78371	TCPB_HUMAN	CCT2	T-complex protein 1 subunit beta	6	6	1.09633e+06	1.15995e+06
P78395	PRAME_HUMAN	PRAME	Melanoma antigen preferentially expressed in tumors	2	2	91098.9	40741.1
P78527	PRKDC_HUMAN	PRKDC	DNA-dependent protein kinase catalytic subunit	4	4	56686.4	72398.9
P80723	BASP1_HUMAN	BASP1	Brain acid soluble protein 1	6	6	88594.3	47595.6
P81605	DCD_HUMAN	DCD	Dermcidin	62	62	2.64166e+06	42364.7
P82094	TMF1_HUMAN	TMF1	TATA element modulatory factor	1	1	27582.9	38323.7
P82675	RT05_HUMAN	MRPS5	Small ribosomal subunit protein uS5m	1	1		29456.3
P82909	KGD4_HUMAN	KGD4	Alpha-ketoglutarate dehydrogenase component 4	1	1	206430	629557
P83731	RL24_HUMAN	RPL24	Large ribosomal subunit protein eL24	1	1	163403	
P83881;Q969Q0	RL36A_HUMAN;RL36L_HUMAN	RPL36A;RPL36AL	Large ribosomal subunit protein eL42	4	0	39648	14311.4
P84022	SMAD3_HUMAN	SMAD3	Mothers against decapentaplegic homolog 3	2	0		39775.8
P84098	RL19_HUMAN	RPL19	Large ribosomal subunit protein eL19	1	1	64330.7	51604.8
P98082	DAB2_HUMAN	DAB2	Disabled homolog 2	1	1		17404.3
P98160	PGBM_HUMAN	HSPG2	Basement membrane-specific heparan sulfate proteoglycan core protein	1	1		25663.8
P98168;P98169;Q2QGD7	ZXDA_HUMAN;ZXDB_HUMAN;ZXDC_HUMAN	ZXDA;ZXDB;ZXDC	Zinc finger X-linked protein ZXDA	1	0		23497.8
P98194	AT2C1_HUMAN	ATP2C1	Calcium-transporting ATPase type 2C member 1	2	2	293561	505444
Q00325	S25A3_HUMAN	SLC25A3	Solute carrier family 25 member 3	3	3	35918.8	29269.2
Q00341	VIGLN_HUMAN	HDLBP	Vigilin	1	1	266233	
Q00403	TF2B_HUMAN	GTF2B	Transcription initiation factor IIB	2	2	88066.4	52761
Q00534	CDK6_HUMAN	CDK6	Cyclin-dependent kinase 6	1	1	704932	661382
Q00597	FANCC_HUMAN	FANCC	Fanconi anemia group C protein	1	1		37743.9
Q00610	CLH1_HUMAN	CLTC	Clathrin heavy chain 1	5	3	168067	126585
Q00796	DHSO_HUMAN	SORD	Sorbitol dehydrogenase	1	1	81396.5	160696
Q00839	HNRPU_HUMAN	HNRNPU	Heterogeneous nuclear ribonucleoprotein U	2	2	26223.9	6863.68
Q01085	TIAR_HUMAN	TIAL1	Nucleolysin TIAR	2	1		243038
Q01415	GALK2_HUMAN	GALK2	N-acetylgalactosamine kinase	1	1		182729
Q01433	AMPD2_HUMAN	AMPD2	AMP deaminase 2	2	2		6901.87
Q01469	FABP5_HUMAN	FABP5	Fatty acid-binding protein 5	1	1	73780.8	
Q01581	HMCS1_HUMAN	HMGCS1	Hydroxymethylglutaryl-CoA synthase, cytoplasmic	2	2	381501	744267
Q01650	LAT1_HUMAN	SLC7A5	Large neutral amino acids transporter small subunit 1	2	2	349531	327330
Q01850	CDR2_HUMAN	CDR2	Cerebellar degeneration-related protein 2	1	1		20206.3
Q02218	ODO1_HUMAN	OGDH	2-oxoglutarate dehydrogenase complex component E1	1	1		7697.58
Q02224	CENPE_HUMAN	CENPE	Centromere-associated protein E	1	1		57920.3
Q02413	DSG1_HUMAN	DSG1	Desmoglein-1	24	24	302614	
Q02952	AKA12_HUMAN	AKAP12	A-kinase anchor protein 12	1	1	412893	720608
Q02978	M2OM_HUMAN	SLC25A11	Mitochondrial 2-oxoglutarate/malate carrier protein	1	1	19336.4	10025.7
Q03001	DYST_HUMAN	DST	Dystonin	2	2		98447.1
Q03135	CAV1_HUMAN	CAV1	Caveolin-1	1	1		191625
Q03518	TAP1_HUMAN	TAP1	Antigen peptide transporter 1	1	1		44564.9
Q04118	PRB3_HUMAN	PRB3	Basic salivary proline-rich protein 3	2	2	103110	
Q04206;Q04864	REL_HUMAN;TF65_HUMAN	REL;RELA	Transcription factor p65	1	0		21891
Q04637	IF4G1_HUMAN	EIF4G1	Eukaryotic translation initiation factor 4 gamma 1	2	2	25540.1	26094
Q04917	1433F_HUMAN	YWHAH	14-3-3 protein eta	1	1		11913.9
Q05048	CSTF1_HUMAN	CSTF1	Cleavage stimulation factor subunit 1	1	1		66185.6
Q05086	UBE3A_HUMAN	UBE3A	Ubiquitin-protein ligase E3A	1	1	24868.7	22427.7
Q05932	FOLC_HUMAN	FPGS	Folylpolyglutamate synthase, mitochondrial	2	2		23722.2
Q06323	PSME1_HUMAN	PSME1	Proteasome activator complex subunit 1	1	1		6400.33
Q06830	PRDX1_HUMAN	PRDX1	Peroxiredoxin-1	2	0	232568	6026.23
Q07065	CKAP4_HUMAN	CKAP4	Cytoskeleton-associated protein 4	1	1	156054	236699
Q07812	BAX_HUMAN	BAX	Apoptosis regulator BAX	1	1	26101.9	18237.7
Q07864	DPOE1_HUMAN	POLE	DNA polymerase epsilon catalytic subunit A	4	4		108860
Q07960	RHG01_HUMAN	ARHGAP1	Rho GTPase-activating protein 1	2	2		12282.4
Q07973	CP24A_HUMAN	CYP24A1	1,25-dihydroxyvitamin D(3) 24-hydroxylase, mitochondrial	1	1		25680.4
Q08170	SRSF4_HUMAN	SRSF4	Serine/arginine-rich splicing factor 4	1	1		27235.6
Q08188	TGM3_HUMAN	TGM3	Protein-glutamine gamma-glutamyltransferase E	1	1	48371	
Q08211	DHX9_HUMAN	DHX9	ATP-dependent RNA helicase A	5	5	44406.6	58642.7
Q08257	QOR_HUMAN	CRYZ	Quinone oxidoreductase	1	1		13274.7
Q08554	DSC1_HUMAN	DSC1	Desmocollin-1	13	13	287110	
Q08945	SSRP1_HUMAN	SSRP1	FACT complex subunit SSRP1	3	3	142915	151300
Q09666	AHNK_HUMAN	AHNAK	Neuroblast differentiation-associated protein AHNAK	5	5	251069	322948
Q0VDF9	HSP7E_HUMAN	HSPA14	Heat shock 70 kDa protein 14	1	1		60426.5
Q10570	CPSF1_HUMAN	CPSF1	Cleavage and polyadenylation specificity factor subunit 1	2	2		19645.4
Q10713	MPPA_HUMAN	PMPCA	Mitochondrial-processing peptidase subunit alpha	1	1		38409.8
Q11201	SIA4A_HUMAN	ST3GAL1	CMP-N-acetylneuraminate-beta-galactosamide-alpha-2,3-sialyltransferase 1	1	1		11612.7
Q12766	HMGX3_HUMAN	HMGXB3	HMG domain-containing protein 3	1	1	71300.5	
Q12769	NU160_HUMAN	NUP160	Nuclear pore complex protein Nup160	2	2		21235.3
Q12772	SRBP2_HUMAN	SREBF2	Sterol regulatory element-binding protein 2	2	2	21036.7	20725.5
Q12789	TF3C1_HUMAN	GTF3C1	General transcription factor 3C polypeptide 1	4	4	129220	111198
Q12834	CDC20_HUMAN	CDC20	Cell division cycle protein 20 homolog	1	1	21369.3	6078.87
Q12873	CHD3_HUMAN	CHD3	Chromodomain-helicase-DNA-binding protein 3	1	1		72770.5
Q12905	ILF2_HUMAN	ILF2	Interleukin enhancer-binding factor 2	1	1	95620.8	
Q12907	LMAN2_HUMAN	LMAN2	Vesicular integral-membrane protein VIP36	1	1		27431.5
Q12929	EPS8_HUMAN	EPS8	Epidermal growth factor receptor kinase substrate 8	2	2	45409.8	65102.4
Q12974;Q93096	TP4A1_HUMAN;TP4A2_HUMAN	PTP4A1;PTP4A2	Protein tyrosine phosphatase type IVA 2	1	0		4347.41
Q13021	MALL_HUMAN	MALL	MAL-like protein	1	1		71240.8
Q13045	FLII_HUMAN	FLII	Protein flightless-1 homolog	1	1	434079	360936
Q13057	COASY_HUMAN	COASY	Bifunctional coenzyme A synthase	1	1	157214	41233.2
Q13084	RM28_HUMAN	MRPL28	Large ribosomal subunit protein bL28m	1	1		18228.9
Q13085	ACACA_HUMAN	ACACA	Acetyl-CoA carboxylase 1	3	2	158442	101281
Q13098	CSN1_HUMAN	GPS1	COP9 signalosome complex subunit 1	1	1	61169	51949.8
Q13107	UBP4_HUMAN	USP4	Ubiquitin carboxyl-terminal hydrolase 4	1	1	21069.3	
Q13115	DUS4_HUMAN	DUSP4	Dual specificity protein phosphatase 4	1	1		65860
Q13123	RED_HUMAN	IK	Protein Red	1	1		154589
Q13190	STX5_HUMAN	STX5	Syntaxin-5	1	1		21704.2
Q13227	GPS2_HUMAN	GPS2	G protein pathway suppressor 2	1	1		9231.59
Q13263	TIF1B_HUMAN	TRIM28	Transcription intermediary factor 1-beta	3	3	55657.4	48794.7
Q13283;Q9UN86	G3BP1_HUMAN;G3BP2_HUMAN	G3BP1;G3BP2	Ras GTPase-activating protein-binding protein 1	2	0	121396	124247
Q13309	SKP2_HUMAN	SKP2	S-phase kinase-associated protein 2	1	1		62273
Q13310	PABP4_HUMAN	PABPC4	Polyadenylate-binding protein 4	1	1	56670.9	90911.2
Q13315	ATM_HUMAN	ATM	Serine-protein kinase ATM	1	1		8287.67
Q13356	PPIL2_HUMAN	PPIL2	RING-type E3 ubiquitin-protein ligase PPIL2	1	1	53884.1	60263.3
Q13425	SNTB2_HUMAN	SNTB2	Beta-2-syntrophin	1	1		9131.4
Q13432	U119A_HUMAN	UNC119	Protein unc-119 homolog A	1	1		30244.2
Q13433	S39A6_HUMAN	SLC39A6	Zinc transporter ZIP6	1	1		20119.4
Q13443	ADAM9_HUMAN	ADAM9	Disintegrin and metalloproteinase domain-containing protein 9	1	1	42650.6	8953.15
Q13444	ADA15_HUMAN	ADAM15	Disintegrin and metalloproteinase domain-containing protein 15	1	1	449687	11478.9
Q13459	MYO9B_HUMAN	MYO9B	Unconventional myosin-IXb	2	2		42929.2
Q13472	TOP3A_HUMAN	TOP3A	DNA topoisomerase 3-alpha	1	1	139612	149247
Q13480	GAB1_HUMAN	GAB1	GRB2-associated-binding protein 1	1	1	43529.4	53394.2
Q13485	SMAD4_HUMAN	SMAD4	Mothers against decapentaplegic homolog 4	2	2	239335	535015
Q13496	MTM1_HUMAN	MTM1	Myotubularin	1	1	37345.1	
Q13501	SQSTM_HUMAN	SQSTM1	Sequestosome-1	1	1		157908
Q13510	ASAH1_HUMAN	ASAH1	Acid ceramidase	1	1	41094.5	
Q13523	PRP4K_HUMAN	PRP4K	Serine/threonine-protein kinase PRP4 homolog	1	1	14945.9	13395.7
Q13530	SERC3_HUMAN	SERINC3	Serine incorporator 3	1	1		16764.1
Q13535	ATR_HUMAN	ATR	Serine/threonine-protein kinase ATR	3	3		35042.8
Q13569	TDG_HUMAN	TDG	G/T mismatch-specific thymine DNA glycosylase	1	1		100735
Q13610	PWP1_HUMAN	PWP1	Periodic tryptophan protein 1 homolog	1	1		23874.1
Q13614	MTMR2_HUMAN	MTMR2	Phosphatidylinositol-3,5-bisphosphate 3-phosphatase MTMR2	1	1	291437	
Q13616	CUL1_HUMAN	CUL1	Cullin-1	1	1		6741.98
Q13627;Q9Y463	DYR1A_HUMAN;DYR1B_HUMAN	DYRK1A;DYRK1B	Dual specificity tyrosine-phosphorylation-regulated kinase 1A	1	0		11077.2
Q13630	FCL_HUMAN	GFUS	GDP-L-fucose synthase	1	1	71033.9	66181.7
Q13724	MOGS_HUMAN	MOGS	Mannosyl-oligosaccharide glucosidase	1	1	68151.7	39829
Q13751	LAMB3_HUMAN	LAMB3	Laminin subunit beta-3	1	1		16066.7
Q13813	SPTN1_HUMAN	SPTAN1	Spectrin alpha chain, non-erythrocytic 1	6	6	290684	288444
Q13823	NOG2_HUMAN	GNL2	Nucleolar GTP-binding protein 2	4	4	588900	546762
Q13829;Q9H3F6	BACD2_HUMAN;BACD3_HUMAN	KCTD10;TNFAIP1	BTB/POZ domain-containing adapter for CUL3-mediated RhoA degradation protein 2	2	0	686767	1.13334e+06
Q13867	BLMH_HUMAN	BLMH	Bleomycin hydrolase	4	4	53145.8	
Q13901	C1D_HUMAN	C1D	Nuclear nucleic acid-binding protein C1D	1	1		98505.2
Q13951	PEBB_HUMAN	CBFB	Core-binding factor subunit beta	1	1		35467.6
Q14004	CDK13_HUMAN	CDK13	Cyclin-dependent kinase 13	1	1		30209.4
Q14008	CKAP5_HUMAN	CKAP5	Cytoskeleton-associated protein 5	3	3	159242	135910
Q14146	URB2_HUMAN	URB2	Unhealthy ribosome biogenesis protein 2 homolog	1	1		17896.2
Q14164	IKKE_HUMAN	IKBKE	Inhibitor of nuclear factor kappa-B kinase subunit epsilon	1	1		30964
Q14165	MLEC_HUMAN	MLEC	Malectin	1	1	243916	247122
Q14168;Q9NZW5	MPP2_HUMAN;PALS2_HUMAN	MPP2;PALS2	MAGUK p55 subfamily member 2	1	0	456036	1.04103e+06
Q14181	DPOA2_HUMAN	POLA2	DNA polymerase alpha subunit B	2	2	49068	56453.6
Q14185	DOCK1_HUMAN	DOCK1	Dedicator of cytokinesis protein 1	2	1		15393.1
Q14192	FHL2_HUMAN	FHL2	Four and a half LIM domains protein 2	1	1		24963.1
Q14194	DPYL1_HUMAN	CRMP1	Dihydropyrimidinase-related protein 1	1	1		10390.7
Q14195	DPYL3_HUMAN	DPYSL3	Dihydropyrimidinase-related protein 3	1	1		12732
Q14204	DYHC1_HUMAN	DYNC1H1	Cytoplasmic dynein 1 heavy chain 1	8	8	720146	893937
Q14209	E2F2_HUMAN	E2F2	Transcription factor E2F2	1	1		11731.5
Q14240	IF4A2_HUMAN	EIF4A2	Eukaryotic initiation factor 4A-II	1	1		70076.9
Q14258	TRI25_HUMAN	TRIM25	E3 ubiquitin/ISG15 ligase TRIM25	1	1		22929.4
Q14315	FLNC_HUMAN	FLNC	Filamin-C	1	1		24666.3
Q14432	PDE3A_HUMAN	PDE3A	cGMP-inhibited 3',5'-cyclic phosphodiesterase 3A	3	3	107426	143998
Q14444	CAPR1_HUMAN	CAPRIN1	Caprin-1	1	1		18404.2
Q14493	SLBP_HUMAN	SLBP	Histone RNA hairpin-binding protein	1	1	54404.4	52208.2
Q14498	RBM39_HUMAN	RBM39	RNA-binding protein 39	2	1	22184	23103.7
Q14517	FAT1_HUMAN	FAT1	Protocadherin Fat 1	2	2		31993.4
Q14527	HLTF_HUMAN	HLTF	Helicase-like transcription factor	1	1		18921.1
Q14566	MCM6_HUMAN	MCM6	DNA replication licensing factor MCM6	3	3		76200.7
Q14573	ITPR3_HUMAN	ITPR3	Inositol 1,4,5-trisphosphate-gated calcium channel ITPR3	3	3		25030.6
Q14574	DSC3_HUMAN	DSC3	Desmocollin-3	7	7	94394	
Q14590;Q86WZ6	ZN227_HUMAN;ZN235_HUMAN	ZNF227;ZNF235	Zinc finger protein 235	1	0		50620.2
Q14643	ITPR1_HUMAN	ITPR1	Inositol 1,4,5-trisphosphate-gated calcium channel ITPR1	1	1		17093.5
Q14669	TRIPC_HUMAN	TRIP12	E3 ubiquitin-protein ligase TRIP12	2	2		39946.8
Q14671	PUM1_HUMAN	PUM1	Pumilio homolog 1	1	1		21538.4
Q14680	MELK_HUMAN	MELK	Maternal embryonic leucine zipper kinase	2	2	1.06733e+06	1.25927e+06
Q14687	GSE1_HUMAN	GSE1	Genetic suppressor element 1	1	1		39292.7
Q14690	RRP5_HUMAN	PDCD11	Protein RRP5 homolog	2	2		37748.9
Q14692	BMS1_HUMAN	BMS1	Ribosome biogenesis protein BMS1 homolog	2	2	10826.1	11409.6
Q14697	GANAB_HUMAN	GANAB	Neutral alpha-glucosidase AB	1	1		30415.1
Q14738	2A5D_HUMAN	PPP2R5D	Serine/threonine-protein phosphatase 2A 56 kDa regulatory subunit delta isoform	2	1		68366.4
Q14746	COG2_HUMAN	COG2	Conserved oligomeric Golgi complex subunit 2	1	1		5774.91
Q14764	MVP_HUMAN	MVP	Major vault protein	1	1	18864.8	34274.5
Q14865	ARI5B_HUMAN	ARID5B	AT-rich interactive domain-containing protein 5B	2	2		34799.6
Q14995	NR1D2_HUMAN	NR1D2	Nuclear receptor subfamily 1 group D member 2	1	1		5877.02
Q14CZ7	FAKD3_HUMAN	FASTKD3	FAST kinase domain-containing protein 3, mitochondrial	1	1	348709	278998
Q15004	PAF15_HUMAN	PCLAF	PCNA-associated factor	1	1		8115.57
Q15022	SUZ12_HUMAN	SUZ12	Polycomb protein SUZ12	1	1		16586.8
Q15029	U5S1_HUMAN	EFTUD2	116 kDa U5 small nuclear ribonucleoprotein component	4	4	323093	305986
Q15031	SYLM_HUMAN	LARS2	Leucine--tRNA ligase, mitochondrial	1	1	29964.5	9190.6
Q15034	HERC3_HUMAN	HERC3	Probable E3 ubiquitin-protein ligase HERC3	2	2		566922
Q15038	DAZP2_HUMAN	DAZAP2	DAZ-associated protein 2	1	1		232809
Q15042	RB3GP_HUMAN	RAB3GAP1	Rab3 GTPase-activating protein catalytic subunit	2	2		34974.9
Q15050	RRS1_HUMAN	RRS1	Ribosome biogenesis regulatory protein homolog	1	1		6298.28
Q15084	PDIA6_HUMAN	PDIA6	Protein disulfide-isomerase A6	1	1		3742.48
Q15149	PLEC_HUMAN	PLEC	Plectin	5	4	236698	355482
Q15165	PON2_HUMAN	PON2	Serum paraoxonase/arylesterase 2	2	2	111817	175619
Q15181	IPYR_HUMAN	PPA1	Inorganic pyrophosphatase	2	2	302743	239682
Q15233	NONO_HUMAN	NONO	Non-POU domain-containing octamer-binding protein	1	1	5.1433e+06	3.9097e+06
Q15375	EPHA7_HUMAN	EPHA7	Ephrin type-A receptor 7	1	1	30779	45774.6
Q15382	RHEB_HUMAN	RHEB	GTP-binding protein Rheb	1	1		19577.9
Q15386	UBE3C_HUMAN	UBE3C	Ubiquitin-protein ligase E3C	2	2	70922.9	116533
Q15393	SF3B3_HUMAN	SF3B3	Splicing factor 3B subunit 3	2	2	18441.7	14694.4
Q15397	PUM3_HUMAN	PUM3	Pumilio homolog 3	2	2		30938.2
Q15398	DLGP5_HUMAN	DLGAP5	Disks large-associated protein 5	1	1	31693.3	20840.3
Q15417	CNN3_HUMAN	CNN3	Calponin-3	1	1		15662.8
Q15477	SKI2_HUMAN	SKIC2	Superkiller complex protein 2	1	1		9702.27
Q15517	CDSN_HUMAN	CDSN	Corneodesmosin	12	12	475808	
Q15560	TCEA2_HUMAN	TCEA2	Transcription elongation factor A protein 2	1	1		14312.9
Q15631	TSN_HUMAN	TSN	Translin	1	1		13225.1
Q15645	PCH2_HUMAN	TRIP13	Pachytene checkpoint protein 2 homolog	1	1		16202.9
Q15646	OASL_HUMAN	OASL	2'-5'-oligoadenylate synthase-like protein	1	1	71197.6	8210.9
Q15652	JHD2C_HUMAN	JMJD1C	Probable JmjC domain-containing histone demethylation protein 2C	1	1	68355.5	92087.9
Q15678	PTN14_HUMAN	PTPN14	Tyrosine-protein phosphatase non-receptor type 14	2	2	203557	193185
Q15691;Q9UPY8	MARE1_HUMAN;MARE3_HUMAN	MAPRE1;MAPRE3	Microtubule-associated protein RP/EB family member 1	1	0		147056
Q15717	ELAV1_HUMAN	ELAVL1	ELAV-like protein 1	1	1		16766.7
Q15797;Q99717	SMAD1_HUMAN;SMAD5_HUMAN	SMAD1;SMAD5	Mothers against decapentaplegic homolog 1	1	0		12974.7
Q15813	TBCE_HUMAN	TBCE	Tubulin-specific chaperone E	1	1		154858
Q15828	CYTM_HUMAN	CST6	Cystatin-M	4	4	265031	
Q15843	NEDD8_HUMAN	NEDD8	Ubiquitin-like protein NEDD8	1	1	227346	
Q15907	RB11B_HUMAN	RAB11B	Ras-related protein Rab-11B	1	1	33349	
Q16270	IBP7_HUMAN	IGFBP7	Insulin-like growth factor-binding protein 7	1	1	106051	102279
Q16378	PROL4_HUMAN	PRR4	Proline-rich protein 4	11	11	725974	
Q16531	DDB1_HUMAN	DDB1	DNA damage-binding protein 1	5	5	369596	573722
Q16553	LY6E_HUMAN	LY6E	Lymphocyte antigen 6E	1	1		12030.8
Q16555	DPYL2_HUMAN	DPYSL2	Dihydropyrimidinase-related protein 2	2	2	20642	21955.9
Q16585	SGCB_HUMAN	SGCB	Beta-sarcoglycan	1	1		59059.4
Q16623	STX1A_HUMAN	STX1A	Syntaxin-1A	1	1	37856.8	71019.4
Q16658	FSCN1_HUMAN	FSCN1	Fascin	1	1		111265
Q16667	CDKN3_HUMAN	CDKN3	Cyclin-dependent kinase inhibitor 3	1	1		11113.8
Q16760	DGKD_HUMAN	DGKD	Diacylglycerol kinase delta	3	3	158758	248250
Q16763	UBE2S_HUMAN	UBE2S	Ubiquitin-conjugating enzyme E2 S	1	1		12713.4
Q16778	H2B2E_HUMAN	H2BC21	Histone H2B type 2-E	2	0	18642.4	17846.2
Q16799	RTN1_HUMAN	RTN1	Reticulon-1	1	1	7266.04	6624.06
Q16831	UPP1_HUMAN	UPP1	Uridine phosphorylase 1	1	1		31599
Q16850	CP51A_HUMAN	CYP51A1	Lanosterol 14-alpha demethylase	1	1		60739.9
Q1KMD3	HNRL2_HUMAN	HNRNPUL2	Heterogeneous nuclear ribonucleoprotein U-like protein 2	1	1		114248
Q1W4C9	ISK13_HUMAN	SPINK13	Serine protease inhibitor Kazal-type 13	6	6	751349	538642
Q27J81	INF2_HUMAN	INF2	Inverted formin-2	2	2	25314	15997.9
Q29RF7	PDS5A_HUMAN	PDS5A	Sister chromatid cohesion protein PDS5 homolog A	4	3	778625	588796
Q2LD37	BLTP1_HUMAN	BLTP1	Bridge-like lipid transfer protein family member 1	2	2		11375.8
Q2M389	WASC4_HUMAN	WASHC4	WASH complex subunit 4	3	3		260867
Q2MV58	TECT1_HUMAN	TCTN1	Tectonic-1	1	1	33739	78265.9
Q2PPJ7;Q6GYQ0	RGPA1_HUMAN;RGPA2_HUMAN	RALGAPA1;RALGAPA2	Ral GTPase-activating protein subunit alpha-2	1	0	92556	
Q2PZI1	D19L1_HUMAN	DPY19L1	Protein C-mannosyl-transferase DPY19L1	1	1		48749
Q3KP31	ZN791_HUMAN	ZNF791	Zinc finger protein 791	2	1	82324.4	72210.7
Q3SXM5	HSDL1_HUMAN	HSDL1	Inactive hydroxysteroid dehydrogenase-like protein 1	1	1	18381.7	
Q3SY84;Q86Y46	K2C71_HUMAN;K2C73_HUMAN	KRT71;KRT73	Keratin, type II cytoskeletal 71	1	0	102944	
Q3T8J9	GON4L_HUMAN	GON4L	GON-4-like protein	1	0		32626
Q3V5L5	MGT5B_HUMAN	MGAT5B	Alpha-1,6-mannosylglycoprotein 6-beta-N-acetylglucosaminyltransferase B	1	1		17533.3
Q460N5	PAR14_HUMAN	PARP14	Protein mono-ADP-ribosyltransferase PARP14	2	2		21135.2
Q49A26	GLYR1_HUMAN	GLYR1	Cytokine-like nuclear factor N-PAC	1	1		75528.7
Q49AG3	ZBED5_HUMAN	ZBED5	Zinc finger BED domain-containing protein 5	1	1	755833	588263
Q49AR2	CE022_HUMAN	C5orf22	UPF0489 protein C5orf22	1	1	21210.8	24576.4
Q4KMQ2;Q75V66	ANO5_HUMAN;ANO6_HUMAN	ANO5;ANO6	Anoctamin-6	1	0		7788.66
Q4V328	GRAP1_HUMAN	GRIPAP1	GRIP1-associated protein 1	1	1	468843	27488
Q52LR7	EPC2_HUMAN	EPC2	Enhancer of polycomb homolog 2	1	1		54422.3
Q52LW3	RHG29_HUMAN	ARHGAP29	Rho GTPase-activating protein 29	1	1	44701.8	38197.9
Q53EL6	PDCD4_HUMAN	PDCD4	Programmed cell death protein 4	1	1	367869	413694
Q53EP0	FND3B_HUMAN	FNDC3B	Fibronectin type III domain-containing protein 3B	1	1	96370.1	66847.3
Q53FT3	HIKES_HUMAN	HIKESHI	Protein Hikeshi	1	1	133204	294959
Q53GI3	ZN394_HUMAN	ZNF394	Zinc finger protein 394	1	1	43780.6	69762.9
Q53GS7	GLE1_HUMAN	GLE1	mRNA export factor GLE1	2	2	845019	1.83048e+06
Q53GS9	UBP39_HUMAN	USP39	Ubiquitin carboxyl-terminal hydrolase 39	1	1		13403
Q53H12	AGK_HUMAN	AGK	Acylglycerol kinase, mitochondrial	1	1		27436.8
Q53RT3	APRV1_HUMAN	ASPRV1	Retroviral-like aspartic protease 1	1	1	30819.5	
Q562E7	WDR81_HUMAN	WDR81	WD repeat-containing protein 81	1	1		29476.3
Q56P03	EAPP_HUMAN	EAPP	E2F-associated phosphoprotein	1	1		330879
Q5BJD5	TM41B_HUMAN	TMEM41B	Transmembrane protein 41B	1	1		159484
Q5BKT4;Q5I7T1	AG10A_HUMAN;AG10B_HUMAN	ALG10;ALG10B	Dol-P-Glc:Glc(2)Man(9)GlcNAc(2)-PP-Dol alpha-1,2-glucosyltransferase	1	0		39832
Q5C9Z4	NOM1_HUMAN	NOM1	Nucleolar MIF4G domain-containing protein 1	1	1		16611.3
Q5D862	FILA2_HUMAN	FLG2	Filaggrin-2	10	10	100707	
Q5EBL8	PDZ11_HUMAN	PDZD11	PDZ domain-containing protein 11	1	1	55347.9	52422.8
Q5GLZ8	HERC4_HUMAN	HERC4	Probable E3 ubiquitin-protein ligase HERC4	1	1	277336	63179
Q5H9F3	BCORL_HUMAN	BCORL1	BCL-6 corepressor-like protein 1	1	1		48874.3
Q5HY98	ZN766_HUMAN	ZNF766	Zinc finger protein 766	2	2	89095	108668
Q5HYK3	COQ5_HUMAN	COQ5	2-methoxy-6-polyprenyl-1,4-benzoquinol methylase, mitochondrial	1	1	252255	292089
Q5JS54	PSMG4_HUMAN	PSMG4	Proteasome assembly chaperone 4	1	1		14044
Q5JTH9	RRP12_HUMAN	RRP12	RRP12-like protein	2	2	36181.4	39834.8
Q5JTZ9	SYAM_HUMAN	AARS2	Alanine--tRNA ligase, mitochondrial	1	1		82762.2
Q5MNZ6	WIPI3_HUMAN	WDR45B	WD repeat domain phosphoinositide-interacting protein 3	1	1		13733.8
Q5QNW6;Q93079	H2B1H_HUMAN;H2B2F_HUMAN	H2BC18;H2BC9	Histone H2B type 2-F	14	0	173949	81875.9
Q5R3I4	TTC38_HUMAN	TTC38	Tetratricopeptide repeat protein 38	1	1		17401.8
Q5SR56	MF14B_HUMAN	MFSD14B	Hippocampus abundant transcript-like protein 1	2	1	74676.1	118814
Q5SRE5	NU188_HUMAN	NUP188	Nucleoporin NUP188	3	3	556890	479033
Q5SW79;Q96L14	C170L_HUMAN;CE170_HUMAN	CEP170;CEP170P1	Centrosomal protein of 170 kDa	1	0		14404.2
Q5T1B0	AXDN1_HUMAN	AXDND1	Axonemal dynein light chain domain-containing protein 1	1	1		37470.8
Q5T447	HECD3_HUMAN	HECTD3	E3 ubiquitin-protein ligase HECTD3	2	2	103577	
Q5T4B2	GT253_HUMAN	CERCAM	Inactive glycosyltransferase 25 family member 3	1	1		9306.71
Q5T4S7	UBR4_HUMAN	UBR4	E3 ubiquitin-protein ligase UBR4	2	2		658955
Q5T5C0	STXB5_HUMAN	STXBP5	Syntaxin-binding protein 5	1	1		15667.3
Q5T6F0	DCA12_HUMAN	DCAF12	DDB1- and CUL4-associated factor 12	1	1		10659.8
Q5T9L3	WLS_HUMAN	WLS	Protein wntless homolog	1	1		35670.4
Q5TC63	GRTP1_HUMAN	GRTP1	Growth hormone-regulated TBC protein 1	1	1		35545.2
Q5TF58	IFFO2_HUMAN	IFFO2	Intermediate filament family orphan 2	1	1	180992	15157.7
Q5THK1	PR14L_HUMAN	PRR14L	Protein PRR14L	1	1	102686	33102
Q5UIP0	RIF1_HUMAN	RIF1	Telomere-associated protein RIF1	6	6	159024	194350
Q5VIR6	VPS53_HUMAN	VPS53	Vacuolar protein sorting-associated protein 53 homolog	1	1	84896.4	
Q5VSG8	MANEL_HUMAN	MANEAL	Glycoprotein endo-alpha-1,2-mannosidase-like protein	1	1		46472.6
Q5VT66	MARC1_HUMAN	MTARC1	Mitochondrial amidoxime-reducing component 1	2	2		43741.7
Q5VUG0	SMBT2_HUMAN	SFMBT2	Scm-like with four MBT domains protein 2	1	1	109074	
Q5VV42	CDKAL_HUMAN	CDKAL1	Threonylcarbamoyladenosine tRNA methylthiotransferase	2	2		378430
Q5VZ89	DEN4C_HUMAN	DENND4C	DENN domain-containing protein 4C	1	1		58788.4
Q5VZM2;Q7L523	RRAGA_HUMAN;RRAGB_HUMAN	RRAGA;RRAGB	Ras-related GTP-binding protein B	2	0	1.57619e+06	3.04603e+06
Q5W0V3	FHI2A_HUMAN	FHIP2A	FHF complex subunit HOOK interacting protein 2A	2	1	56065.7	25952
Q5W111	SPRY7_HUMAN	SPRYD7	SPRY domain-containing protein 7	1	1		13260.5
Q63HN8	RN213_HUMAN	RNF213	E3 ubiquitin-protein ligase RNF213	5	5	51196.3	41781.7
Q63HR2	TENS2_HUMAN	TNS2	Tensin-2	1	1		31181.3
Q659A1	ICE2_HUMAN	ICE2	Little elongation complex subunit 2	1	1		9981.62
Q66K64	DCA15_HUMAN	DCAF15	DDB1- and CUL4-associated factor 15	2	2		34859.3
Q66K89	E4F1_HUMAN	E4F1	Transcription factor E4F1	1	1	39342.1	103470
Q68BL8	OLM2B_HUMAN	OLFML2B	Olfactomedin-like protein 2B	1	1		220723
Q68CP9	ARID2_HUMAN	ARID2	AT-rich interactive domain-containing protein 2	1	1		21415.9
Q68CQ4	UTP25_HUMAN	UTP25	U3 small nucleolar RNA-associated protein 25 homolog	1	1		20486.7
Q68DA7	FMN1_HUMAN	FMN1	Formin-1	1	1		10185.8
Q68E01	INT3_HUMAN	INTS3	Integrator complex subunit 3	1	1		16797.5
Q69YN4	VIR_HUMAN	VIRMA	Protein virilizer homolog	2	2		110801
Q6AZY7	SCAR3_HUMAN	SCARA3	Scavenger receptor class A member 3	1	1	8083.87	
Q6DCA0	AMERL_HUMAN	AMMECR1L	AMMECR1-like protein	1	1		88690.1
Q6DD88	ATLA3_HUMAN	ATL3	Atlastin-3	1	1		29806.2
Q6DKI1	RL7L_HUMAN	RPL7L1	Ribosomal protein uL30-like	1	1		53251.7
Q6E0U4	DMKN_HUMAN	DMKN	Dermokine	24	24	144422	
Q6IQ22	RAB12_HUMAN	RAB12	Ras-related protein Rab-12	1	1		25822.8
Q6NTF9	RHBD2_HUMAN	RHBDD2	Rhomboid domain-containing protein 2	1	1		416435
Q6NUM9	RETST_HUMAN	RETSAT	All-trans-retinol 13,14-reductase	1	1	232109	500746
Q6NZI2	CAVN1_HUMAN	CAVIN1	Caveolae-associated protein 1	2	2	337368	594378
Q6P158	DHX57_HUMAN	DHX57	Putative ATP-dependent RNA helicase DHX57	2	1		73535
Q6P1J9	CDC73_HUMAN	CDC73	Parafibromin	2	2	40874.8	47089.8
Q6P1M9	ARMX5_HUMAN	ARMCX5	Armadillo repeat-containing X-linked protein 5	2	2		10663
Q6P1X5	TAF2_HUMAN	TAF2	Transcription initiation factor TFIID subunit 2	2	2		10621.3
Q6P2H3	CEP85_HUMAN	CEP85	Centrosomal protein of 85 kDa	1	1		30722.7
Q6P2Q9	PRP8_HUMAN	PRPF8	Pre-mRNA-processing-splicing factor 8	6	6	209134	178795
Q6P4F7	RHGBA_HUMAN	ARHGAP11A	Rho GTPase-activating protein 11A	2	2		20717.1
Q6P5Z2	PKN3_HUMAN	PKN3	Serine/threonine-protein kinase N3	1	1		14773.4
Q6PH85	DCNL2_HUMAN	DCUN1D2	DCN1-like protein 2	1	1		172260
Q6PI26	SHQ1_HUMAN	SHQ1	Protein SHQ1 homolog	1	1	20270.2	
Q6PIW4	FIGL1_HUMAN	FIGNL1	Fidgetin-like protein 1	1	1	58976.9	57955.1
Q6PJG6	BRAT1_HUMAN	BRAT1	Integrator complex assembly factor BRAT1	1	1		343940
Q6PJT7	ZC3HE_HUMAN	ZC3H14	Zinc finger CCCH domain-containing protein 14	1	1		14199.3
Q6PK18	OGFD3_HUMAN	OGFOD3	2-oxoglutarate and iron-dependent oxygenase domain-containing protein 3	1	1		100335
Q6PKG0	LARP1_HUMAN	LARP1	La-related protein 1	1	1		7197.92
Q6Q0C0	TRAF7_HUMAN	TRAF7	E3 ubiquitin-protein ligase TRAF7	1	1		28490.4
Q6QHF9	PAOX_HUMAN	PAOX	Peroxisomal N(1)-acetyl-spermine/spermidine oxidase	1	1		28950.3
Q6SJ93	F111B_HUMAN	FAM111B	Serine protease FAM111B	1	1	44100.5	116764
Q6SPF0	SAMD1_HUMAN	SAMD1	Sterile alpha motif domain-containing protein 1	1	1		3492.04
Q6STE5;Q92925	SMRD2_HUMAN;SMRD3_HUMAN	SMARCD2;SMARCD3	SWI/SNF-related matrix-associated actin-dependent regulator of chromatin subfamily D member 3	1	0		26234.5
Q6UB35	C1TM_HUMAN	MTHFD1L	Monofunctional C1-tetrahydrofolate synthase, mitochondrial	2	2		27540.2
Q6ULP2	AFTIN_HUMAN	AFTPH	Aftiphilin	1	1		10702.2
Q6UWP8	SBSN_HUMAN	SBSN	Suprabasin	31	31	185517	
Q6UX98	ZDH24_HUMAN	ZDHHC24	Probable palmitoyltransferase ZDHHC24	1	1		286800
Q6UXN9	WDR82_HUMAN	WDR82	WD repeat-containing protein 82	2	2	35816.5	58476.8
Q6VY07	PACS1_HUMAN	PACS1	Phosphofurin acidic cluster sorting protein 1	1	1		47692
Q6WRI0	IGS10_HUMAN	IGSF10	Immunoglobulin superfamily member 10	4	4	159757	623685
Q6WRX3	ZY11A_HUMAN	ZYG11A	Protein zyg-11 homolog A	2	2	61852.9	33279.8
Q6XUX3	DUSTY_HUMAN	DSTYK	Dual serine/threonine and tyrosine protein kinase	1	1		18321.4
Q6YBV0	S36A4_HUMAN	SLC36A4	Neutral amino acid uniporter 4	1	1		31224
Q6YHK3	CD109_HUMAN	CD109	CD109 antigen	3	3		40783.2
Q6YHU6	THADA_HUMAN	THADA	tRNA (32-2'-O)-methyltransferase regulator THADA	3	3	88077.4	174263
Q6ZMZ3	SYNE3_HUMAN	SYNE3	Nesprin-3	1	1		28513.5
Q6ZRV2	FA83H_HUMAN	FAM83H	Protein FAM83H	2	2	52045	143120
Q6ZSC3	RBM43_HUMAN	RBM43	RNA-binding protein 43	1	1		14479.9
Q6ZTN6;Q86YJ7	AN13B_HUMAN;AN13D_HUMAN	ANKRD13B;ANKRD13D	Ankyrin repeat domain-containing protein 13D	1	0		18161.4
Q70IA8	MOB3C_HUMAN	MOB3C	MOB kinase activator 3C	2	1	77833.6	120778
Q75T13	PGAP1_HUMAN	PGAP1	GPI inositol-deacylase	1	1		16638.9
Q76FK4	NOL8_HUMAN	NOL8	Nucleolar protein 8	1	1		7160.07
Q7KZ85	SPT6H_HUMAN	SUPT6H	Transcription elongation factor SPT6	1	1	153199	12458.2
Q7KZF4	SND1_HUMAN	SND1	Staphylococcal nuclease domain-containing protein 1	2	2	111973	149085
Q7L1Q6	5MP2_HUMAN	BZW1	eIF5-mimic protein 2	2	2	57553.6	71959.9
Q7L2H7	EIF3M_HUMAN	EIF3M	Eukaryotic translation initiation factor 3 subunit M	2	2		34000.2
Q7L622	G2E3_HUMAN	G2E3	G2/M phase-specific E3 ubiquitin-protein ligase	1	1	778932	524824
Q7L7V1	DHX32_HUMAN	DHX32	Putative pre-mRNA-splicing factor ATP-dependent RNA helicase DHX32	1	1		33188.4
Q7L9L4;Q9H8S9	MOB1A_HUMAN;MOB1B_HUMAN	MOB1A;MOB1B	MOB kinase activator 1B	3	0	358340	276618
Q7LBC6	KDM3B_HUMAN	KDM3B	Lysine-specific demethylase 3B	1	1	102961	145508
Q7RTN6	STRAA_HUMAN	STRADA	STE20-related kinase adapter protein alpha	1	1	63755.3	79571.7
Q7RTV0	PHF5A_HUMAN	PHF5A	PHD finger-like domain-containing protein 5A	1	1		15192
Q7RTX0	TS1R3_HUMAN	TAS1R3	Taste receptor type 1 member 3	1	1		7103.53
Q7Z2W4	ZCCHV_HUMAN	ZC3HAV1	Zinc finger CCCH-type antiviral protein 1	2	2		75801
Q7Z333	SETX_HUMAN	SETX	Probable helicase senataxin	1	1		20162.4
Q7Z3B3	KANL1_HUMAN	KANSL1	KAT8 regulatory NSL complex subunit 1	2	2		48949.8
Q7Z3B4	NUP54_HUMAN	NUP54	Nucleoporin p54	1	1	154068	223208
Q7Z3J2	VP35L_HUMAN	VPS35L	VPS35 endosomal protein-sorting factor-like	1	1		23027
Q7Z3T8	ZFY16_HUMAN	ZFYVE16	Zinc finger FYVE domain-containing protein 16	1	1		79089.2
Q7Z417	NUFP2_HUMAN	NUFIP2	FMR1-interacting protein NUFIP2	1	1	963476	1.19845e+06
Q7Z4W1	DCXR_HUMAN	DCXR	L-xylulose reductase	1	1	235438	134280
Q7Z628	ARHG8_HUMAN	NET1	Neuroepithelial cell-transforming gene 1 protein	1	1		36800.5
Q7Z6K1	THAP5_HUMAN	THAP5	THAP domain-containing protein 5	1	1		43489.8
Q7Z6P3	RAB44_HUMAN	RAB44	Ras-related protein Rab-44	1	1		39678.9
Q7Z6Z7	HUWE1_HUMAN	HUWE1	E3 ubiquitin-protein ligase HUWE1	2	2		78430.2
Q7Z7H5	TMED4_HUMAN	TMED4	Transmembrane emp24 domain-containing protein 4	2	0		403513
Q86SF2	GALT7_HUMAN	GALNT7	N-acetylgalactosaminyltransferase 7	1	1		6512.1
Q86SR1	GLT10_HUMAN	GALNT10	Polypeptide N-acetylgalactosaminyltransferase 10	1	1	19216.7	18228.7
Q86T24	KAISO_HUMAN	ZBTB33	Transcriptional regulator Kaiso	1	1	73653.8	18682.7
Q86TG7	PEG10_HUMAN	PEG10	Retrotransposon-derived protein PEG10	1	1		99961.2
Q86TI0	TBCD1_HUMAN	TBC1D1	TBC1 domain family member 1	1	1		29515.4
Q86TI2	DPP9_HUMAN	DPP9	Dipeptidyl peptidase 9	1	1		18700.7
Q86TM6	SYVN1_HUMAN	SYVN1	E3 ubiquitin-protein ligase synoviolin	2	2	628714	567256
Q86TU7	SETD3_HUMAN	SETD3	Actin-histidine N-methyltransferase	2	2	186225	26986.9
Q86UK7	ZN598_HUMAN	ZNF598	E3 ubiquitin-protein ligase ZNF598	1	1		85083
Q86UU0	BCL9L_HUMAN	BCL9L	B-cell CLL/lymphoma 9-like protein	1	1	34844.1	39606.1
Q86UV5	UBP48_HUMAN	USP48	Ubiquitin carboxyl-terminal hydrolase 48	1	1		128410
Q86V86	PIM3_HUMAN	PIM3	Serine/threonine-protein kinase pim-3	1	1		61173.5
Q86VP6	CAND1_HUMAN	CAND1	Cullin-associated NEDD8-dissociated protein 1	2	2	31486.6	7471.5
Q86VW0	SESD1_HUMAN	SESTD1	SEC14 domain and spectrin repeat-containing protein 1	1	1		35437.2
Q86W50	MET16_HUMAN	METTL16	RNA N(6)-adenosine-methyltransferase METTL16	1	1	60097.6	
Q86W56	PARG_HUMAN	PARG	Poly(ADP-ribose) glycohydrolase	1	1		88481.5
Q86WA8	LONP2_HUMAN	LONP2	Lon protease homolog 2, peroxisomal	1	1		46323.5
Q86WK9	PAQR7_HUMAN	PAQR7	Membrane progestin receptor alpha	1	1	43253.9	36771.1
Q86X10	RLGPB_HUMAN	RALGAPB	Ral GTPase-activating protein subunit beta	1	1		72615.9
Q86X59	CQ082_HUMAN	LINC02875	Putative uncharacterized protein LINC02875	1	1		4737.79
Q86X83	COMD2_HUMAN	COMMD2	COMM domain-containing protein 2	1	1		8351.19
Q86XH1	DRC11_HUMAN	IQCA1	Dynein regulatory complex protein 11	1	1	120873	175271
Q86XI2	CNDG2_HUMAN	NCAPG2	Condensin-2 complex subunit G2	2	2		78855.7
Q86XP1	DGKH_HUMAN	DGKH	Diacylglycerol kinase eta	1	1		14585.9
Q86XP3	DDX42_HUMAN	DDX42	ATP-dependent RNA helicase DDX42	1	1		34987.9
Q86XX4	FRAS1_HUMAN	FRAS1	Extracellular matrix organizing protein FRAS1	2	2	34847.1	30434.2
Q86YD1	PTOV1_HUMAN	PTOV1	Prostate tumor-overexpressed gene 1 protein	1	1		14149.9
Q86YQ8;Q8IYJ1;Q9HCH3	CPNE5_HUMAN;CPNE8_HUMAN;CPNE9_HUMAN	CPNE5;CPNE8;CPNE9	Copine-8	1	0		21863.5
Q86YZ3	HORN_HUMAN	HRNR	Hornerin	2	2	51518.6	
Q86Z20	CC125_HUMAN	CCDC125	Coiled-coil domain-containing protein 125	1	1		31032.1
Q8IUC4	RHPN2_HUMAN	RHPN2	Rhophilin-2	1	1	51380.9	
Q8IUR6	CRERF_HUMAN	CREBRF	CREB3 regulatory factor	1	1		46493.8
Q8IUX4;Q9UH17	ABC3B_HUMAN;ABC3F_HUMAN	APOBEC3B;APOBEC3F	DNA dC->dU-editing enzyme APOBEC-3F	1	0		55480.5
Q8IV01	SYT12_HUMAN	SYT12	Synaptotagmin-12	3	3		137921
Q8IVB5	LIX1L_HUMAN	LIX1L	LIX1-like protein	1	1		109763
Q8IVJ1	S41A1_HUMAN	SLC41A1	Solute carrier family 41 member 1	1	1	76509.7	74039.6
Q8IVT2	MISP_HUMAN	MISP	Mitotic interactor and substrate of PLK1	1	1		13760.1
Q8IVV7	GID4_HUMAN	GID4	Glucose-induced degradation protein 4 homolog	1	1		11637.2
Q8IW36	ZN695_HUMAN	ZNF695	Zinc finger protein 695	1	1		19151.6
Q8IW75	SPA12_HUMAN	SERPINA12	Serpin A12	1	1	44739.5	
Q8IWA0	WDR75_HUMAN	WDR75	WD repeat-containing protein 75	5	5		79674.4
Q8IWB1	IPRI_HUMAN	ITPRIP	Inositol 1,4,5-trisphosphate receptor-interacting protein	1	1		43994.6
Q8IWF6	DEN6A_HUMAN	DENND6A	Protein DENND6A	1	1		10372.1
Q8IWI9	MGAP_HUMAN	MGA	MAX gene-associated protein	1	1	111791	183367
Q8IWV7	UBR1_HUMAN	UBR1	E3 ubiquitin-protein ligase UBR1	3	3		53355.3
Q8IWW6	RHG12_HUMAN	ARHGAP12	Rho GTPase-activating protein 12	1	1		5921.95
Q8IWX8	CHERP_HUMAN	CHERP	Calcium homeostasis endoplasmic reticulum protein	1	1		11712.3
Q8IWZ6	BBS7_HUMAN	BBS7	BBSome complex member BBS7	1	1	316505	346471
Q8IX04	UEVLD_HUMAN	UEVLD	Ubiquitin-conjugating enzyme E2 variant 3	3	3		35696.6
Q8IX21	SLF2_HUMAN	SLF2	SMC5-SMC6 complex localization factor protein 2	2	2		17664.9
Q8IXB1	DJC10_HUMAN	DNAJC10	DnaJ homolog subfamily C member 10	2	2	45848.8	131828
Q8IXM2	BAP18_HUMAN	BACC1	BPTF-associated chromatin complex component 1	1	1		64373.2
Q8IXT1	DDIAS_HUMAN	DDIAS	DNA damage-induced apoptosis suppressor protein	2	2	25388.4	10963.3
Q8IY21	DDX60_HUMAN	DDX60	Probable ATP-dependent RNA helicase DDX60	2	1		113602
Q8IY37	DHX37_HUMAN	DHX37	Probable ATP-dependent RNA helicase DHX37	2	2	184845	316198
Q8IY50	S35F3_HUMAN	SLC35F3	Solute carrier family 35 member F3	1	1	219385	465066
Q8IZQ1	WDFY3_HUMAN	WDFY3	WD repeat and FYVE domain-containing protein 3	1	1		34619.9
Q8IZT6	ASPM_HUMAN	ASPM	Abnormal spindle-like microcephaly-associated protein	5	5	53449.2	117321
Q8IZW8	TENS4_HUMAN	TNS4	Tensin-4	1	1	1.73155e+06	1.61226e+06
Q8IZY2	ABCA7_HUMAN	ABCA7	Phospholipid-transporting ATPase ABCA7	1	1		54532.3
Q8N0U8	VKORL_HUMAN	VKORC1L1	Vitamin K epoxide reductase complex subunit 1-like protein 1	1	1		10295
Q8N1F7	NUP93_HUMAN	NUP93	Nuclear pore complex protein Nup93	2	2		49644.8
Q8N201	INT1_HUMAN	INTS1	Integrator complex subunit 1	1	1		19496.4
Q8N2K0	ABD12_HUMAN	ABHD12	Lysophosphatidylserine lipase ABHD12	1	1	136740	124905
Q8N2K1	UB2J2_HUMAN	UBE2J2	Ubiquitin-conjugating enzyme E2 J2	1	1	526561	130007
Q8N302	AGGF1_HUMAN	AGGF1	Angiogenic factor with G patch and FHA domains 1	1	1		121771
Q8N370	LAT4_HUMAN	SLC43A2	Large neutral amino acids transporter small subunit 4	1	1		2323.95
Q8N3A8	PARP8_HUMAN	PARP8	Protein mono-ADP-ribosyltransferase PARP8	1	1		14440.1
Q8N3C0	ASCC3_HUMAN	ASCC3	Activating signal cointegrator 1 complex subunit 3	2	2		61454.6
Q8N3R9	PALS1_HUMAN	PALS1	Protein PALS1	1	1		12766.7
Q8N3U4	STAG2_HUMAN	STAG2	Cohesin subunit SA-2	3	3	33108.4	80082.8
Q8N4H5	TOM5_HUMAN	TOMM5	Mitochondrial import receptor subunit TOM5 homolog	4	4	256732	90094.2
Q8N4S7	PAQR4_HUMAN	PAQR4	Progestin and adipoQ receptor family member 4	1	1		40865.9
Q8N543	OGFD1_HUMAN	OGFOD1	Prolyl 3-hydroxylase OGFOD1	1	1	196669	302065
Q8N556	AFAP1_HUMAN	AFAP1	Actin filament-associated protein 1	1	1		18544.1
Q8N573	OXR1_HUMAN	OXR1	Oxidation resistance protein 1	1	1		17415.9
Q8N5M9	JAGN1_HUMAN	JAGN1	Protein jagunal homolog 1	1	1		9140.42
Q8N6L1	KTAP2_HUMAN	KRTCAP2	Dolichyl-diphosphooligosaccharide--protein glycosyltransferase subunit KCP2	1	1	28486.5	
Q8N6M0	OTU6B_HUMAN	OTUD6B	Deubiquitinase OTUD6B	1	1		147097
Q8N6R0	EFNMT_HUMAN	METTL13	eEF1A lysine and N-terminal methyltransferase	1	1		21093.5
Q8N766	EMC1_HUMAN	EMC1	ER membrane protein complex subunit 1	2	2		60001.7
Q8N8N7	PTGR2_HUMAN	PTGR2	Prostaglandin reductase 2	1	1		15529.9
Q8N983	RM43_HUMAN	MRPL43	Large ribosomal subunit protein mL43	1	1		56516.5
Q8N9I9	DTX3_HUMAN	DTX3	Probable E3 ubiquitin-protein ligase DTX3	1	1		20446.9
Q8N9N2	ASCC1_HUMAN	ASCC1	Activating signal cointegrator 1 complex subunit 1	1	1	28628.7	39914.5
Q8NAP3	ZBT38_HUMAN	ZBTB38	Zinc finger and BTB domain-containing protein 38	4	4		58879.8
Q8NAV1	PR38A_HUMAN	PRPF38A	Pre-mRNA-splicing factor 38A	1	1	14962.4	
Q8NB16	MLKL_HUMAN	MLKL	Mixed lineage kinase domain-like protein	1	1	134006	154528
Q8NBI5	S43A3_HUMAN	SLC43A3	Equilibrative nucleobase transporter 1	1	1		10904.4
Q8NBJ4	GOLM1_HUMAN	GOLM1	Golgi membrane protein 1	1	1	22726.4	
Q8NBQ5	DHB11_HUMAN	HSD17B11	Estradiol 17-beta-dehydrogenase 11	1	1		69179.8
Q8NBS3	S4A11_HUMAN	SLC4A11	Solute carrier family 4 member 11	1	1	114402	
Q8NBU5	ATAD1_HUMAN	ATAD1	Outer mitochondrial transmembrane helix translocase	2	2	1.25524e+06	861463
Q8NBW4	S38A9_HUMAN	SLC38A9	Neutral amino acid transporter 9	1	1	14651.6	32554.6
Q8NC54	KCT2_HUMAN	KCT2	Keratinocyte-associated transmembrane protein 2	1	1	65695	54007.5
Q8NCC5	SPX3_HUMAN	SLC37A3	Sugar phosphate exchanger 3	1	1		12754.5
Q8NCE2	MTMRE_HUMAN	MTMR14	Phosphatidylinositol-3,5-bisphosphate 3-phosphatase MTMR14	1	1		18175.6
Q8NCM8	DYHC2_HUMAN	DYNC2H1	Cytoplasmic dynein 2 heavy chain 1	2	2	34830.5	32325.6
Q8ND90	PNMA1_HUMAN	PNMA1	Paraneoplastic antigen Ma1	1	1		437942
Q8NDD1	FSAF1_HUMAN	FSAF1	40S small subunit processome assembly factor 1	1	1		15391.1
Q8NDZ2	SIMC1_HUMAN	SIMC1	SUMO-interacting motif-containing protein 1	1	1		39267.9
Q8NE00	TM104_HUMAN	TMEM104	Transmembrane protein 104	1	1		10677.7
Q8NEJ9	NGDN_HUMAN	NGDN	Neuroguidin	1	1	45481.4	113526
Q8NEM2	SHCBP_HUMAN	SHCBP1	SHC SH2 domain-binding protein 1	1	1	166593	96107
Q8NEZ4	KMT2C_HUMAN	KMT2C	Histone-lysine N-methyltransferase 2C	2	2		13063.3
Q8NEZ5	FBX22_HUMAN	FBXO22	F-box only protein 22	1	1	31534.5	
Q8NF64	ZMIZ2_HUMAN	ZMIZ2	Zinc finger MIZ domain-containing protein 2	1	1		93794.8
Q8NF91	SYNE1_HUMAN	SYNE1	Nesprin-1	2	2	64758.2	60556.5
Q8NFG4	FLCN_HUMAN	FLCN	Folliculin	1	1		89505.5
Q8NFJ9	BBS1_HUMAN	BBS1	BBSome complex member BBS1	1	1		29588.5
Q8NFZ0	FBH1_HUMAN	FBH1	F-box DNA helicase 1	3	3		89484.4
Q8NG31	KNL1_HUMAN	KNL1	Outer kinetochore KNL1 complex subunit KNL1	1	1	28606.1	27439.7
Q8NGC2;Q8NH87;Q8NHB8	OR4E2_HUMAN;OR5K2_HUMAN;OR9G1_HUMAN	OR4E2;OR5K2;OR9G1	Olfactory receptor 4E2	1	0		31638.9
Q8NHH9	ATLA2_HUMAN	ATL2	Atlastin-2	1	1		88911.9
Q8NHY2	COP1_HUMAN	COP1	E3 ubiquitin-protein ligase COP1	1	1		7389.26
Q8NI08	NCOA7_HUMAN	NCOA7	Nuclear receptor coactivator 7	1	1		118016
Q8NI27	THOC2_HUMAN	THOC2	THO complex subunit 2	2	2	48301.2	47417.2
Q8NI35	INADL_HUMAN	PATJ	InaD-like protein	1	1		27189.9
Q8NI36	WDR36_HUMAN	WDR36	WD repeat-containing protein 36	1	1	180817	308268
Q8TAT6	NPL4_HUMAN	NPLOC4	Nuclear protein localization protein 4 homolog	1	1		156786
Q8TB22	SPT20_HUMAN	SPATA20	Spermatogenesis-associated protein 20	1	1		24886.7
Q8TBC4	UBA3_HUMAN	UBA3	NEDD8-activating enzyme E1 catalytic subunit	1	1		40299.1
Q8TBZ3	WDR20_HUMAN	WDR20	WD repeat-containing protein 20	1	1		19420.7
Q8TBZ8	ZN564_HUMAN	ZNF564	Zinc finger protein 564	1	1		20815.4
Q8TCB0	IFI44_HUMAN	IFI44	Interferon-induced protein 44	2	2		213260
Q8TCD1	CR032_HUMAN	C18orf32	UPF0729 protein C18orf32	1	1	197212	438532
Q8TCF1	ZFAN1_HUMAN	ZFAND1	AN1-type zinc finger protein 1	1	1		19828.4
Q8TCT0	CERK1_HUMAN	CERK	Ceramide kinase	1	1		163378
Q8TCT9	SPP_HUMAN	HM13	Signal peptide peptidase	1	1		73820.1
Q8TD16	BICD2_HUMAN	BICD2	Protein bicaudal D homolog 2	1	1		125217
Q8TD19	NEK9_HUMAN	NEK9	Serine/threonine-protein kinase Nek9	2	2	166431	361560
Q8TD26	CHD6_HUMAN	CHD6	Chromodomain-helicase-DNA-binding protein 6	1	1		12368.5
Q8TDB6	DTX3L_HUMAN	DTX3L	E3 ubiquitin-protein ligase DTX3L	1	1		20516.2
Q8TDP1	RNH2C_HUMAN	RNASEH2C	Ribonuclease H2 subunit C	1	1	486090	342646
Q8TDY2	RBCC1_HUMAN	RB1CC1	RB1-inducible coiled-coil protein 1	1	1		13796
Q8TDY4	ASAP3_HUMAN	ASAP3	Arf-GAP with SH3 domain, ANK repeat and PH domain-containing protein 3	1	1	167167	55910
Q8TEA7	TBCK_HUMAN	TBCK	TBC domain-containing protein kinase-like protein	1	1		19769.4
Q8TED0	UTP15_HUMAN	UTP15	U3 small nucleolar RNA-associated protein 15 homolog	4	4	174423	25911.1
Q8TED1	GPX8_HUMAN	GPX8	Probable glutathione peroxidase 8	1	1	170426	15317.1
Q8TEJ3	SH3R3_HUMAN	SH3RF3	E3 ubiquitin-protein ligase SH3RF3	1	1	24271.2	
Q8TEL6	TP4AP_HUMAN	TRPC4AP	Short transient receptor potential channel 4-associated protein	1	1		10549.9
Q8TEM1	PO210_HUMAN	NUP210	Nuclear pore membrane glycoprotein 210	2	2	203241	269078
Q8TEU7;Q9Y4G8	RPGF2_HUMAN;RPGF6_HUMAN	RAPGEF2;RAPGEF6	Rap guanine nucleotide exchange factor 6	1	0		13893.6
Q8TEX9	IPO4_HUMAN	IPO4	Importin-4	2	2	26261.8	
Q8TEY7	UBP33_HUMAN	USP33	Ubiquitin carboxyl-terminal hydrolase 33	2	2	378940	523000
Q8TF46	DI3L1_HUMAN	DIS3L	DIS3-like exonuclease 1	2	2		66352.5
Q8WTV1	THAP3_HUMAN	THAP3	THAP domain-containing protein 3	1	1		8226.63
Q8WTW3	COG1_HUMAN	COG1	Conserved oligomeric Golgi complex subunit 1	1	1		14626.4
Q8WU10	PYRD1_HUMAN	PYROXD1	Pyridine nucleotide-disulfide oxidoreductase domain-containing protein 1	2	2	100528	127674
Q8WU76	SCFD2_HUMAN	SCFD2	Sec1 family domain-containing protein 2	1	1		495537
Q8WU90	ZC3HF_HUMAN	ZC3H15	Zinc finger CCCH domain-containing protein 15	2	2	50263.1	61208.3
Q8WUA4	TF3C2_HUMAN	GTF3C2	General transcription factor 3C polypeptide 2	1	1		35541.4
Q8WUI4	HDAC7_HUMAN	HDAC7	Histone deacetylase 7	1	1	97731.1	
Q8WUK0	PTPM1_HUMAN	PTPMT1	Phosphatidylglycerophosphatase and protein-tyrosine phosphatase 1	1	1		15994.1
Q8WUM4	PDC6I_HUMAN	PDCD6IP	Programmed cell death 6-interacting protein	1	1		10094.6
Q8WUW1	BRK1_HUMAN	BRK1	Protein BRICK1	1	1	143583	95484.6
Q8WUY9	DEP1B_HUMAN	DEPDC1B	DEP domain-containing protein 1B	1	1		43669.1
Q8WV22	NSE1_HUMAN	NSMCE1	Non-structural maintenance of chromosomes element 1 homolog	1	1	399564	762030
Q8WV83	S35F5_HUMAN	SLC35F5	Solute carrier family 35 member F5	1	1		12689.6
Q8WV92	MITD1_HUMAN	MITD1	MIT domain-containing protein 1	1	1		8093.68
Q8WVC6	DCAKD_HUMAN	DCAKD	Dephospho-CoA kinase domain-containing protein	1	1		106140
Q8WVM7	STAG1_HUMAN	STAG1	Cohesin subunit SA-1	1	1		12942.6
Q8WVV5	BT2A2_HUMAN	BTN2A2	Butyrophilin subfamily 2 member A2	1	1		73708.3
Q8WVX9	FACR1_HUMAN	FAR1	Fatty acyl-CoA reductase 1	1	1	66732.9	116407
Q8WWM7	ATX2L_HUMAN	ATXN2L	Ataxin-2-like protein	2	2	28802	20055.3
Q8WXF1	PSPC1_HUMAN	PSPC1	Paraspeckle component 1	1	1	40595.8	27324.4
Q8WXI7	MUC16_HUMAN	MUC16	Mucin-16	2	2	60341.8	46710.3
Q8WXX5	DNJC9_HUMAN	DNAJC9	DnaJ homolog subfamily C member 9	1	1		136246
Q8WY91	THAP4_HUMAN	THAP4	Peroxynitrite isomerase THAP4	2	2	23377.4	29149.5
Q8WYP5	ELYS_HUMAN	AHCTF1	Protein ELYS	2	2		60646.3
Q8WZ19	BACD1_HUMAN	KCTD13	BTB/POZ domain-containing adapter for CUL3-mediated RhoA degradation protein 1	1	1		120161
Q92482	AQP3_HUMAN	AQP3	Aquaporin-3	1	1	96117.5	324568
Q92499	DDX1_HUMAN	DDX1	ATP-dependent RNA helicase DDX1	1	1	26496.7	10207.3
Q92508	PIEZ1_HUMAN	PIEZO1	Piezo-type mechanosensitive ion channel component 1	2	2		47739.9
Q92538	GBF1_HUMAN	GBF1	Golgi-specific brefeldin A-resistance guanine nucleotide exchange factor 1	1	1		44413.1
Q92575	UBXN4_HUMAN	UBXN4	UBX domain-containing protein 4	2	2	19100.6	18478
Q92616	GCN1_HUMAN	GCN1	Stalled ribosome sensor GCN1	3	3	106938	78049.4
Q92619	HMHA1_HUMAN	ARHGAP45	Rho GTPase-activating protein 45	1	1	42408.5	
Q92620	PRP16_HUMAN	DHX38	Pre-mRNA-splicing factor ATP-dependent RNA helicase PRP16	1	1		11380.9
Q92624	APBP2_HUMAN	APPBP2	Amyloid protein-binding protein 2	2	2	132735	156104
Q92674	CENPI_HUMAN	CENPI	Centromere protein I	1	1		27818.8
Q92688	AN32B_HUMAN	ANP32B	Acidic leucine-rich nuclear phosphoprotein 32 family member B	1	1		42430.8
Q92698	RAD54_HUMAN	RAD54L	DNA repair and recombination protein RAD54-like	1	1		15629.4
Q92797	SYMPK_HUMAN	SYMPK	Symplekin	1	1		43347.3
Q92830	KAT2A_HUMAN	KAT2A	Histone acetyltransferase KAT2A	1	1		9027.47
Q92845	KIFA3_HUMAN	KIFAP3	Kinesin-associated protein 3	1	1	56283.4	55450.9
Q92871	PMM1_HUMAN	PMM1	Phosphomannomutase 1	2	2	311334	295685
Q92900	RENT1_HUMAN	UPF1	Regulator of nonsense transcripts 1	1	1	46634.3	75590.9
Q92905	CSN5_HUMAN	COPS5	COP9 signalosome complex subunit 5	1	1		414193
Q92966	SNPC3_HUMAN	SNAPC3	snRNA-activating protein complex subunit 3	1	1	19742.1	30599
Q92989	CLP1_HUMAN	CLP1	Polyribonucleotide 5'-hydroxyl-kinase Clp1	1	1	25280.9	31952.8
Q93008	USP9X_HUMAN	USP9X	Ubiquitin carboxyl-terminal hydrolase 9X	1	1	274405	355660
Q93062	RBPMS_HUMAN	RBPMS	RNA-binding protein with multiple splicing	1	1		77121.3
Q93063	EXT2_HUMAN	EXT2	Exostosin-2	2	2		30465.1
Q93074	MED12_HUMAN	MED12	Mediator of RNA polymerase II transcription subunit 12	1	1		66271.8
Q969M3	YIPF5_HUMAN	YIPF5	Protein YIPF5	1	1	674254	1.03917e+06
Q969Q6	P2R3C_HUMAN	PPP2R3C	Serine/threonine-protein phosphatase 2A regulatory subunit B'' subunit gamma	2	2		6462.63
Q969R5	LMBL2_HUMAN	L3MBTL2	Lethal(3)malignant brain tumor-like protein 2	2	2	30724.9	28266.3
Q969S3	ZN622_HUMAN	ZNF622	Cytoplasmic 60S subunit biogenesis factor ZNF622	1	1		48445.4
Q969V6	MRTFA_HUMAN	MRTFA	Myocardin-related transcription factor A	1	1	19237.5	
Q969X1	LFG3_HUMAN	TMBIM1	Protein lifeguard 3	1	1		10511.4
Q969X6	UTP4_HUMAN	UTP4	U3 small nucleolar RNA-associated protein 4 homolog	1	1		44731.9
Q96A09	TET5B_HUMAN	TENT5B	Terminal nucleotidyltransferase 5B	1	1	27872.8	6724.72
Q96A49	SYAP1_HUMAN	SYAP1	Synapse-associated protein 1	2	2		21668.8
Q96AC1	FERM2_HUMAN	FERMT2	Fermitin family homolog 2	1	1		13604.1
Q96AT1	K1143_HUMAN	KIAA1143	Uncharacterized protein KIAA1143	1	1		63529.1
Q96AX1	VP33A_HUMAN	VPS33A	Vacuolar protein sorting-associated protein 33A	2	2	49074.7	8393.01
Q96AY3	FKB10_HUMAN	FKBP10	Peptidyl-prolyl cis-trans isomerase FKBP10	1	1		41065.6
Q96B01	R51A1_HUMAN	RAD51AP1	RAD51-associated protein 1	1	1		20435.9
Q96B49	TOM6_HUMAN	TOMM6	Mitochondrial import receptor subunit TOM6 homolog	2	2		315581
Q96BI3	APH1A_HUMAN	APH1A	Gamma-secretase subunit APH-1A	1	1		19072
Q96BN6	F149B_HUMAN	FAM149B1	Primary cilium assembly protein FAM149B1	1	1		14711.1
Q96BP3	PPWD1_HUMAN	PPWD1	Peptidylprolyl isomerase domain and WD repeat-containing protein 1	1	1		128183
Q96BX8	MOB3A_HUMAN	MOB3A	MOB kinase activator 3A	1	1	156678	498471
Q96BY6	DOC10_HUMAN	DOCK10	Dedicator of cytokinesis protein 10	1	1		13437.1
Q96CW1	AP2M1_HUMAN	AP2M1	AP-2 complex subunit mu	1	1	59155.1	36886
Q96DA0	PAUF_HUMAN	ZG16B	Pancreatic adenocarcinoma up-regulated factor	1	1	68238.5	23573.8
Q96DA6	TIM14_HUMAN	DNAJC19	Mitochondrial import inner membrane translocase subunit TIM14	1	1		26647.3
Q96DG6	CMBL_HUMAN	CMBL	Carboxymethylenebutenolidase homolog	2	2	47182.6	15614.3
Q96DR4	STAR4_HUMAN	STARD4	StAR-related lipid transfer protein 4	2	2		24178.9
Q96DR8	MUCL1_HUMAN	MUCL1	Mucin-like protein 1	2	2	286170	
Q96E29	MTEF3_HUMAN	MTERF3	Transcription termination factor 3, mitochondrial	1	1		20683.8
Q96EF9;Q96K31	CH076_HUMAN;ZHX1R_HUMAN	C8orf76;ZHX1-C8orf76	Zinc fingers and homeoboxes protein 1, isoform 2	1	0		12406.4
Q96EK5	KBP_HUMAN	KIFBP	KIF-binding protein	1	1		18436.3
Q96EK7	F120B_HUMAN	FAM120B	Constitutive coactivator of peroxisome proliferator-activated receptor gamma	2	2	222690	429240
Q96EN8	MOCOS_HUMAN	MOCOS	Molybdenum cofactor sulfurase	1	1		53111.5
Q96EU6	RRP36_HUMAN	RRP36	Ribosomal RNA processing protein 36 homolog	2	2		685749
Q96EU7	C1GLC_HUMAN	C1GALT1C1	C1GALT1-specific chaperone 1	1	1		41141.5
Q96EW2	HBAP1_HUMAN	HSPBAP1	HSPB1-associated protein 1	1	1		9433.86
Q96EY5	MB12A_HUMAN	MVB12A	Multivesicular body subunit 12A	1	1	13105.3	
Q96F07	CYFP2_HUMAN	CYFIP2	Cytoplasmic FMR1-interacting protein 2	1	1		31216.5
Q96F45	ZN503_HUMAN	ZNF503	Zinc finger protein 503	1	1		20454.5
Q96FN4;Q99829	CPNE1_HUMAN;CPNE2_HUMAN	CPNE1;CPNE2	Copine-2	1	0	45969	
Q96FQ6	S10AG_HUMAN	S100A16	Protein S100-A16	1	1	50749.7	49022.1
Q96G01	BICD1_HUMAN	BICD1	Protein bicaudal D homolog 1	1	1		25214.3
Q96GC5	RM48_HUMAN	MRPL48	Large ribosomal subunit protein mL48	1	1		11473.4
Q96GC6	ZN274_HUMAN	ZNF274	Neurotrophin receptor-interacting factor homolog	1	1		79296.4
Q96GC9	VMP1_HUMAN	VMP1	Vacuole membrane protein 1	1	1		51712.2
Q96GN5	CDA7L_HUMAN	CDCA7L	Cell division cycle-associated 7-like protein	1	1		29573.1
Q96GX5	GWL_HUMAN	MASTL	Serine/threonine-protein kinase greatwall	1	1		23365.4
Q96H22	CENPN_HUMAN	CENPN	Centromere protein N	1	1		16968.9
Q96HH9	GRM2B_HUMAN	GRAMD2B	GRAM domain-containing protein 2B	1	1	154115	99783.8
Q96I45	TM141_HUMAN	TMEM141	Transmembrane protein 141	1	1		5256.68
Q96I51	RCC1L_HUMAN	RCC1L	RCC1-like G exchanging factor-like protein	1	1	19052.3	11653.7
Q96IP4	TET5A_HUMAN	TENT5A	Terminal nucleotidyltransferase 5A	2	1	54779.8	23100.1
Q96IX5	ATPMK_HUMAN	ATP5MK	ATP synthase F(0) complex subunit k, mitochondrial	3	3		2.6575e+06
Q96J02	ITCH_HUMAN	ITCH	E3 ubiquitin-protein ligase Itchy homolog	1	1		9203.37
Q96J92;Q9BYP7;Q9H4A3;Q9Y3S1	WNK1_HUMAN;WNK2_HUMAN;WNK3_HUMAN;WNK4_HUMAN	WNK1;WNK2;WNK3;WNK4	Serine/threonine-protein kinase WNK4	1	0		29639.3
Q96JI7	SPTCS_HUMAN	SPG11	Spatacsin	1	1		20679.3
Q96JJ7	TMX3_HUMAN	TMX3	Protein disulfide-isomerase TMX3	1	1		33749.1
Q96JW4	S41A2_HUMAN	SLC41A2	Solute carrier family 41 member 2	1	1	79499	70648.5
Q96K12	FACR2_HUMAN	FAR2	Fatty acyl-CoA reductase 2	1	1	24455.3	
Q96K49	TM87B_HUMAN	TMEM87B	Transmembrane protein 87B	1	1		10496.7
Q96K76	UBP47_HUMAN	USP47	Ubiquitin carboxyl-terminal hydrolase 47	2	2		30015.6
Q96KV6	BT2A3_HUMAN	BTN2A3P	Putative butyrophilin subfamily 2 member A3	1	1		15529.2
Q96MC6	MF14A_HUMAN	MFSD14A	Hippocampus abundant transcript 1 protein	1	1	29871	63474.8
Q96MP5	ZSWM3_HUMAN	ZSWIM3	Zinc finger SWIM domain-containing protein 3	1	1		16230.5
Q96MU7	YTDC1_HUMAN	YTHDC1	YTH domain-containing protein 1	1	1	63675.9	114278
Q96MX6	DAA10_HUMAN	DNAAF10	Dynein axonemal assembly factor 10	1	1		17061.4
Q96NB1	CEP20_HUMAN	CEP20	Centrosomal protein 20	1	1		163498
Q96NC0	ZMAT2_HUMAN	ZMAT2	Zinc finger matrin-type protein 2	1	1	213906	505715
Q96ND0	F210A_HUMAN	FAM210A	Protein FAM210A	1	1		36742.8
Q96NE9	FRMD6_HUMAN	FRMD6	FERM domain-containing protein 6	1	1		66064.4
Q96P63	SPB12_HUMAN	SERPINB12	Serpin B12	1	1	32250.2	
Q96PU8	QKI_HUMAN	QKI	KH domain-containing RNA-binding protein QKI	1	1	25880.5	39780.6
Q96PV6	LENG8_HUMAN	LENG8	Leukocyte receptor cluster member 8	1	1		26552.4
Q96Q15	SMG1_HUMAN	SMG1	Serine/threonine-protein kinase SMG1	2	2	63056.8	45688.4
Q96Q89	KI20B_HUMAN	KIF20B	Kinesin-like protein KIF20B	3	3	208166	208754
Q96QA5	GSDMA_HUMAN	GSDMA	Gasdermin-A	1	1	35859.9	
Q96QD5	DEPD7_HUMAN	DEPDC7	DEP domain-containing protein 7	2	2	9271.87	9421.67
Q96QD8	S38A2_HUMAN	SLC38A2	Sodium-coupled neutral amino acid symporter 2	1	1	44240.1	
Q96QE2	MYCT_HUMAN	SLC2A13	Proton myo-inositol cotransporter	1	1		183349
Q96QK1	VPS35_HUMAN	VPS35	Vacuolar protein sorting-associated protein 35	3	3		55407.2
Q96QT4	TRPM7_HUMAN	TRPM7	Transient receptor potential cation channel subfamily M member 7	1	1		8657.55
Q96QT6	PHF12_HUMAN	PHF12	PHD finger protein 12	1	1	44428.6	29759.2
Q96RS0	TGS1_HUMAN	TGS1	Trimethylguanosine synthase	2	2	23965.2	24761.7
Q96S16	JMJD8_HUMAN	JMJD8	JmjC domain-containing protein 8	2	2	51849.8	51321.6
Q96S94	CCNL2_HUMAN	CCNL2	Cyclin-L2	1	1	226708	321560
Q96S97	MYADM_HUMAN	MYADM	Myeloid-associated differentiation marker	1	1	60273	49878.4
Q96SB3	NEB2_HUMAN	PPP1R9B	Neurabin-2	1	1		19967.9
Q96SB4	SRPK1_HUMAN	SRPK1	SRSF protein kinase 1	1	1		21856.5
Q96SN7	ORAI2_HUMAN	ORAI2	Protein orai-2	1	1	199486	55485.3
Q96ST3	SIN3A_HUMAN	SIN3A	Paired amphipathic helix protein Sin3a	2	2		83811.1
Q96SU4	OSBL9_HUMAN	OSBPL9	Oxysterol-binding protein-related protein 9	2	1		26955
Q96SW2	CRBN_HUMAN	CRBN	Protein cereblon	1	1		9695.86
Q96T60	PNKP_HUMAN	PNKP	Bifunctional polynucleotide phosphatase/kinase	1	1		21443.5
Q96TA2	YMEL1_HUMAN	YME1L1	ATP-dependent zinc metalloprotease YME1L1	2	2	37175.6	30299.3
Q99259	DCE1_HUMAN	GAD1	Glutamate decarboxylase 1	1	1		26528.2
Q99436	PSB7_HUMAN	PSMB7	Proteasome subunit beta type-7	1	1	43972.1	98084.7
Q99536	VAT1_HUMAN	VAT1	Synaptic vesicle membrane protein VAT-1 homolog	1	1	90478.5	
Q99590	SCAFB_HUMAN	SCAF11	Protein SCAF11	2	1		44622.8
Q99595	TI17A_HUMAN	TIMM17A	Mitochondrial import inner membrane translocase subunit Tim17-A	1	1		111223
Q99615	DNJC7_HUMAN	DNAJC7	DnaJ homolog subfamily C member 7	1	1		17927.7
Q99640	PMYT1_HUMAN	PKMYT1	Membrane-associated tyrosine- and threonine-specific cdc2-inhibitory kinase	1	1		16078.2
Q99661	KIF2C_HUMAN	KIF2C	Kinesin-like protein KIF2C	3	3	263258	143067
Q99700	ATX2_HUMAN	ATXN2	Ataxin-2	1	1		17356.1
Q99707	METH_HUMAN	MTR	Methionine synthase	2	2		29498.7
Q99759	M3K3_HUMAN	MAP3K3	Mitogen-activated protein kinase kinase kinase 3	1	1	83464.8	65971.2
Q99784	NOE1_HUMAN	OLFM1	Noelin	1	1		6805.56
Q99801	NKX31_HUMAN	NKX3-1	Homeobox protein Nkx-3.1	1	1		15121.5
Q99805	TM9S2_HUMAN	TM9SF2	Transmembrane 9 superfamily member 2	1	1	42609.9	7504.18
Q99828	CIB1_HUMAN	CIB1	Calcium and integrin-binding protein 1	1	1		30264.1
Q99832	TCPH_HUMAN	CCT7	T-complex protein 1 subunit eta	2	2		36438.2
Q9BPX6	MICU1_HUMAN	MICU1	Calcium uptake protein 1, mitochondrial	2	2		16534.1
Q9BPX7	CG025_HUMAN	C7orf25	UPF0415 protein C7orf25	1	1	170603	
Q9BQ39	DDX50_HUMAN	DDX50	ATP-dependent RNA helicase DDX50	2	2		52587.9
Q9BQ67	GRWD1_HUMAN	GRWD1	Glutamate-rich WD repeat-containing protein 1	4	4	61199.7	34615.6
Q9BQ70	TCF25_HUMAN	TCF25	Ribosome quality control complex subunit TCF25	1	1		14047.7
Q9BQG0	MBB1A_HUMAN	MYBBP1A	Myb-binding protein 1A	2	2	40600.9	47578.8
Q9BQI3	E2AK1_HUMAN	EIF2AK1	Eukaryotic translation initiation factor 2-alpha kinase 1	1	1	75708.2	180530
Q9BQI6	SLF1_HUMAN	SLF1	SMC5-SMC6 complex localization factor protein 1	1	1		51796.4
Q9BRQ8	FSP1_HUMAN	AIFM2	Ferroptosis suppressor protein 1	1	1		70162.4
Q9BRR0	ZKSC3_HUMAN	ZKSCAN3	Zinc finger protein with KRAB and SCAN domains 3	1	1		10686.7
Q9BRR6	ADPGK_HUMAN	ADPGK	ADP-dependent glucokinase	2	2	251329	386478
Q9BS26	ERP44_HUMAN	ERP44	Endoplasmic reticulum resident protein 44	1	1		19959.4
Q9BS91	S35A5_HUMAN	SLC35A5	UDP-sugar transporter protein SLC35A5	1	1		39667.1
Q9BTE3	MCMBP_HUMAN	MCMBP	Mini-chromosome maintenance complex-binding protein	5	5	267618	246297
Q9BTX1	NDC1_HUMAN	NDC1	Nucleoporin NDC1	1	1		42760.5
Q9BTY2	FUCO2_HUMAN	FUCA2	Plasma alpha-L-fucosidase	1	1		10492.2
Q9BUE0	MED18_HUMAN	MED18	Mediator of RNA polymerase II transcription subunit 18	1	1		62486.6
Q9BUI4	RPC3_HUMAN	POLR3C	DNA-directed RNA polymerase III subunit RPC3	1	1	440142	676697
Q9BUR5	MIC26_HUMAN	APOO	MICOS complex subunit MIC26	1	1		48730.9
Q9BUZ4	TRAF4_HUMAN	TRAF4	TNF receptor-associated factor 4	1	1		14971.8
Q9BV86	NTM1A_HUMAN	NTMT1	N-terminal Xaa-Pro-Lys N-methyltransferase 1	1	1		44324.6
Q9BV87	CNPD1_HUMAN	CNPPD1	Protein CNPPD1	1	1		16457.1
Q9BVA0	KTNB1_HUMAN	KATNB1	Katanin p80 WD40 repeat-containing subunit B1	1	1		27960
Q9BVA1	TBB2B_HUMAN	TUBB2B	Tubulin beta-2B chain	8	1	98040.1	55893.5
Q9BVI4	NOC4L_HUMAN	NOC4L	Nucleolar complex protein 4 homolog	1	1		28238.8
Q9BVP2	GNL3_HUMAN	GNL3	Guanine nucleotide-binding protein-like 3	1	1		49547.9
Q9BW60	ELOV1_HUMAN	ELOVL1	Very long chain fatty acid elongase 1	2	2	65692.7	12041.9
Q9BW91	NUDT9_HUMAN	NUDT9	ADP-ribose pyrophosphatase, mitochondrial	1	1	87269.3	145843
Q9BWD1	THIC_HUMAN	ACAT2	Acetyl-CoA acetyltransferase, cytosolic	1	1	12733.5	
Q9BWS9	CHID1_HUMAN	CHID1	Chitinase domain-containing protein 1	1	1	19336.7	5081.21
Q9BWU0	NADAP_HUMAN	SLC4A1AP	Kanadaptin	1	1		52056.2
Q9BX10	GTPB2_HUMAN	GTPBP2	GTP-binding protein 2	1	1		16147.1
Q9BX74	TM2D1_HUMAN	TM2D1	TM2 domain-containing protein 1	1	1		15958.2
Q9BXI6	TB10A_HUMAN	TBC1D10A	TBC1 domain family member 10A	1	1		15176.7
Q9BXI9	C1QT6_HUMAN	C1QTNF6	Complement C1q tumor necrosis factor-related protein 6	1	1		11528.6
Q9BXL6	CAR14_HUMAN	CARD14	Caspase recruitment domain-containing protein 14	1	1		12297.9
Q9BXS5	AP1M1_HUMAN	AP1M1	AP-1 complex subunit mu-1	2	2		46626.7
Q9BXS6	NUSAP_HUMAN	NUSAP1	Nucleolar and spindle-associated protein 1	1	1	208201	451019
Q9BY49	PECR_HUMAN	PECR	Peroxisomal trans-2-enoyl-CoA reductase	1	1	41546.7	
Q9BYG3	MK67I_HUMAN	NIFK	MKI67 FHA domain-interacting nucleolar phosphoprotein	1	1	1.28466e+06	1.29822e+06
Q9BYK8	HELZ2_HUMAN	HELZ2	3'-5' exoribonuclease HELZ2	1	1		17679.8
Q9BYX2	TBD2A_HUMAN	TBC1D2	TBC1 domain family member 2A	1	1	38072.1	46271.8
Q9BZ29	DOCK9_HUMAN	DOCK9	Dedicator of cytokinesis protein 9	1	1		18339.3
Q9BZD4	NUF2_HUMAN	NUF2	Kinetochore protein Nuf2	3	3	40556.8	11300.8
Q9BZG1	RAB34_HUMAN	RAB34	Ras-related protein Rab-34	2	2	42568.8	29540.6
Q9BZG8	DPH1_HUMAN	DPH1	2-(3-amino-3-carboxypropyl)histidine synthase subunit 1	1	1		164954
Q9BZJ4	S2539_HUMAN	SLC25A39	Mitochondrial glutathione transporter SLC25A39	1	1	27539.6	23238
Q9BZX2	UCK2_HUMAN	UCK2	Uridine-cytidine kinase 2	2	1		33117.2
Q9C040	TRIM2_HUMAN	TRIM2	Tripartite motif-containing protein 2	1	1	82342.1	19728
Q9C075	K1C23_HUMAN	KRT23	Keratin, type I cytoskeletal 23	1	1	25296.3	
Q9C0D9	EPT1_HUMAN	SELENOI	Ethanolaminephosphotransferase 1	1	1		4654.33
Q9C0F1	CEP44_HUMAN	CEP44	Centrosomal protein of 44 kDa	1	1		11961.4
Q9C0I1	MTMRC_HUMAN	MTMR12	Myotubularin-related protein 12	1	1	40584.9	44450
Q9C0K3;Q9P1U1	ARP3B_HUMAN;ARP3C_HUMAN	ACTR3B;ACTR3C	Actin-related protein 3C	3	0	48109.6	28349.2
Q9GZL7	WDR12_HUMAN	WDR12	Ribosome biogenesis protein WDR12	2	2	33662.2	4879.24
Q9GZN1	ARP6_HUMAN	ACTR6	Actin-related protein 6	1	1		51913.6
Q9GZR1	SENP6_HUMAN	SENP6	Sentrin-specific protease 6	1	1	37437.7	25592.9
Q9GZS1	RPA49_HUMAN	POLR1E	DNA-directed RNA polymerase I subunit RPA49	1	1	389105	333164
Q9GZT3	SLIRP_HUMAN	SLIRP	SRA stem-loop-interacting RNA-binding protein, mitochondrial	1	1		17299.6
Q9GZZ8	LACRT_HUMAN	LACRT	Extracellular glycoprotein lacritin	4	4	92219.8	
Q9H015	S22A4_HUMAN	SLC22A4	Solute carrier family 22 member 4	1	1		121455
Q9H074	PAIP1_HUMAN	PAIP1	Polyadenylate-binding protein-interacting protein 1	1	1	134006	288002
Q9H0A9	SPC1L_HUMAN	SPATC1L	Speriolin-like protein	1	1		30456
Q9H0C5	BTBD1_HUMAN	BTBD1	BTB/POZ domain-containing protein 1	2	2		36886.6
Q9H0P0	5NT3A_HUMAN	NT5C3A	Cytosolic 5'-nucleotidase 3A	1	1	149427	237133
Q9H0R8	GBRL1_HUMAN	GABARAPL1	Gamma-aminobutyric acid receptor-associated protein-like 1	1	1		12294.7
Q9H0S4	DDX47_HUMAN	DDX47	Probable ATP-dependent RNA helicase DDX47	2	2		150035
Q9H0U3	MAGT1_HUMAN	MAGT1	Dolichyl-diphosphooligosaccharide--protein glycosyltransferase subunit MAGT1	1	1	46232.5	12909.5
Q9H1A3	METL9_HUMAN	METTL9	Protein-L-histidine N-pros-methyltransferase	1	1		55268.4
Q9H1A4	APC1_HUMAN	ANAPC1	Anaphase-promoting complex subunit 1	1	1		78529.4
Q9H1N7	S35B3_HUMAN	SLC35B3	Adenosine 3'-phospho 5'-phosphosulfate transporter 2	1	1		13853.2
Q9H1P3	OSBL2_HUMAN	OSBPL2	Oxysterol-binding protein-related protein 2	1	1		27240.9
Q9H211	CDT1_HUMAN	CDT1	DNA replication factor Cdt1	1	1		52766.3
Q9H223	EHD4_HUMAN	EHD4	EH domain-containing protein 4	2	1		34214
Q9H2D1	S2532_HUMAN	SLC25A32	Solute carrier family 25 member 32	2	2	31633.9	56121.3
Q9H2H9	S38A1_HUMAN	SLC38A1	Sodium-coupled neutral amino acid symporter 1	1	1		8157.92
Q9H2X6	HIPK2_HUMAN	HIPK2	Homeodomain-interacting protein kinase 2	1	1		30458.7
Q9H305	CDIP1_HUMAN	CDIP1	Cell death-inducing p53-target protein 1	1	1		34447.7
Q9H3K6	BOLA2_HUMAN	BOLA2	BolA-like protein 2	1	1		47579.1
Q9H3S5	PIGM_HUMAN	PIGM	GPI alpha-1,4-mannosyltransferase I, catalytic subunit	1	1	234948	118432
Q9H3U5	MFSD1_HUMAN	MFSD1	Lysosomal dipeptide transporter MFSD1	2	2	84803	103131
Q9H446	RWDD1_HUMAN	RWDD1	RWD domain-containing protein 1	1	1	22150	36870.8
Q9H490	PIGU_HUMAN	PIGU	GPI-anchor transamidase component PIGU	1	1	20740.4	17509.3
Q9H4L5	OSBL3_HUMAN	OSBPL3	Oxysterol-binding protein-related protein 3	1	1		26790
Q9H583	HEAT1_HUMAN	HEATR1	HEAT repeat-containing protein 1	3	3	22684.2	22435.4
Q9H6J7	CSTP1_HUMAN	CSTPP1	Centriolar satellite-associated tubulin polyglutamylase complex regulator 1	1	1	38638.7	27585.7
Q9H6Q4	CIAO3_HUMAN	CIAO3	Cytosolic iron-sulfur assembly component 3	2	2	33008	82936.8
Q9H6R0	DHX33_HUMAN	DHX33	ATP-dependent RNA helicase DHX33	1	1		62588.1
Q9H6R4	NOL6_HUMAN	NOL6	Nucleolar protein 6	1	1		13116
Q9H6T0	ESRP2_HUMAN	ESRP2	Epithelial splicing regulatory protein 2	1	1		10641.8
Q9H6V9	LDAH_HUMAN	LDAH	Lipid droplet-associated hydrolase	1	1		14962.9
Q9H7B2	RPF2_HUMAN	RPF2	Ribosome production factor 2 homolog	1	1		19361
Q9H7E9	CH033_HUMAN	C8orf33	UPF0488 protein C8orf33	1	1		11992.8
Q9H7T9	AUNIP_HUMAN	AUNIP	Aurora kinase A- and ninein-interacting protein	1	1		31422
Q9H7Z7	PGES2_HUMAN	PTGES2	Prostaglandin E synthase 2	1	1		7098.37
Q9H853	TBA4B_HUMAN	TUBA4B	Tubulin-like protein alpha-4B	1	1		55855.3
Q9H857	NT5D2_HUMAN	NT5DC2	5'-nucleotidase domain-containing protein 2	2	2		35072.1
Q9H8M2	BRD9_HUMAN	BRD9	Bromodomain-containing protein 9	1	1		88723
Q9H977	WDR54_HUMAN	WDR54	WD repeat-containing protein 54	2	2	20096	20279.9
Q9H9A6	LRC40_HUMAN	LRRC40	Leucine-rich repeat-containing protein 40	1	1		38926.7
Q9H9E3	COG4_HUMAN	COG4	Conserved oligomeric Golgi complex subunit 4	1	1		23581.3
Q9H9L7	AKIR1_HUMAN	AKIRIN1	Akirin-1	1	1	182851	96346.5
Q9H9Q2	CSN7B_HUMAN	COPS7B	COP9 signalosome complex subunit 7b	1	1	38855.6	24650.4
Q9H9Y6	RPA2_HUMAN	POLR1B	DNA-directed RNA polymerase I subunit RPA2	1	1		28791.1
Q9HAB8	PPCS_HUMAN	PPCS	Phosphopantothenate--cysteine ligase	1	1	36031.9	40151.3
Q9HAT2	SIAE_HUMAN	SIAE	Sialate O-acetylesterase	1	1		60752.8
Q9HAU0	PKHA5_HUMAN	PLEKHA5	Pleckstrin homology domain-containing family A member 5	1	1		55086.6
Q9HAU8	RNPL1_HUMAN	RNPEPL1	Aminopeptidase RNPEPL1	1	1	78733.2	
Q9HBE1	PATZ1_HUMAN	PATZ1	POZ-, AT hook-, and zinc finger-containing protein 1	2	2		471573
Q9HBG6	IF122_HUMAN	IFT122	Intraflagellar transport protein 122 homolog	1	1		58811.6
Q9HBH0	RHOF_HUMAN	RHOF	Rho-related GTP-binding protein RhoF	1	1		25433.1
Q9HBI1	PARVB_HUMAN	PARVB	Beta-parvin	2	1	29310	15284.6
Q9HBU6	EKI1_HUMAN	ETNK1	Ethanolamine kinase 1	1	1	60944.4	60328.1
Q9HCD6	TANC2_HUMAN	TANC2	Protein TANC2	2	1	15948.3	14120.3
Q9HCE1	MOV10_HUMAN	MOV10	Helicase MOV-10	2	2		7951.24
Q9HCE3	ZN532_HUMAN	ZNF532	Zinc finger protein 532	1	1		12237.5
Q9HCG7	GBA2_HUMAN	GBA2	Non-lysosomal glucosylceramidase	1	1		80535.6
Q9HCG8	CWC22_HUMAN	CWC22	Pre-mRNA-splicing factor CWC22 homolog	1	1	46438.2	67044.5
Q9HCJ1	ANKH_HUMAN	ANKH	Mineralization regulator ANKH	1	1		50844.4
Q9HCS5	E41LA_HUMAN	EPB41L4A	Band 4.1-like protein 4A	2	2		14006
Q9HD20	AT131_HUMAN	ATP13A1	Endoplasmic reticulum transmembrane helix translocase	3	3		103004
Q9HD26	GOPC_HUMAN	GOPC	Golgi-associated PDZ and coiled-coil motif-containing protein	1	1		59538.3
Q9HD67	MYO10_HUMAN	MYO10	Unconventional myosin-X	2	2	60723	26121.5
Q9NP61	ARFG3_HUMAN	ARFGAP3	ADP-ribosylation factor GTPase-activating protein 3	1	1	72273.7	86260
Q9NPA0	EMC7_HUMAN	EMC7	Endoplasmic reticulum membrane protein complex subunit 7	1	1		10598.1
Q9NPD8	UBE2T_HUMAN	UBE2T	Ubiquitin-conjugating enzyme E2 T	1	1		381841
Q9NPF2	CHSTB_HUMAN	CHST11	Carbohydrate sulfotransferase 11	1	1		28177.1
Q9NQ38	ISK5_HUMAN	SPINK5	Serine protease inhibitor Kazal-type 5	1	1	70052.4	
Q9NQ55	SSF1_HUMAN	PPAN	Suppressor of SWI4 1 homolog	1	1		38086.7
Q9NQC3	RTN4_HUMAN	RTN4	Reticulon-4	2	2		12974.1
Q9NQC7	CYLD_HUMAN	CYLD	Ubiquitin carboxyl-terminal hydrolase CYLD	1	1		4992.12
Q9NR09	BIRC6_HUMAN	BIRC6	Dual E2 ubiquitin-conjugating enzyme/E3 ubiquitin-protein ligase BIRC6	2	2	19059.7	17090.3
Q9NR12	PDLI7_HUMAN	PDLIM7	PDZ and LIM domain protein 7	1	1		129638
Q9NR30	DDX21_HUMAN	DDX21	Nucleolar RNA helicase 2	2	2	76253.9	130827
Q9NR31	SAR1A_HUMAN	SAR1A	Small COPII coat GTPase SAR1A	1	1		6562.18
Q9NR45	SIAS_HUMAN	NANS	N-acetylneuraminate-9-phosphate synthase	1	1	29872.5	27610.3
Q9NR48	ASH1L_HUMAN	ASH1L	Histone-lysine N-methyltransferase ASH1L	2	2	65856.3	96445
Q9NRG9	AAAS_HUMAN	AAAS	Aladin	1	1		16003.7
Q9NRH2	SNRK_HUMAN	SNRK	SNF-related serine/threonine-protein kinase	1	1		17553.3
Q9NRK6	ABCBA_HUMAN	ABCB10	ATP-binding cassette sub-family B member 10, mitochondrial	1	1		13336.8
Q9NRL3	STRN4_HUMAN	STRN4	Striatin-4	1	1		9902.69
Q9NRN7	ADPPT_HUMAN	AASDHPPT	L-aminoadipate-semialdehyde dehydrogenase-phosphopantetheinyl transferase	1	1		101898
Q9NRR4	RNC_HUMAN	DROSHA	Ribonuclease 3	2	2	71708.2	73754.6
Q9NRY2	SOSSC_HUMAN	INIP	SOSS complex subunit C	1	1		6171.78
Q9NRZ9	HELLS_HUMAN	HELLS	Lymphoid-specific helicase	1	1		33703.4
Q9NS93	TM7S3_HUMAN	TM7SF3	Transmembrane 7 superfamily member 3	1	1		38989.2
Q9NSD9	SYFB_HUMAN	FARSB	Phenylalanine--tRNA ligase beta subunit	2	2		21733.8
Q9NSE4	SYIM_HUMAN	IARS2	Isoleucine--tRNA ligase, mitochondrial	1	1		14100.4
Q9NSG2	FIRRM_HUMAN	FIRRM	FIGNL1-interacting regulator of recombination and mitosis	3	3		43467.9
Q9NTJ5	SAC1_HUMAN	SACM1L	Phosphatidylinositol-3-phosphatase SAC1	2	2		89136.6
Q9NTX5	ECHD1_HUMAN	ECHDC1	Ethylmalonyl-CoA decarboxylase	1	1		16017.9
Q9NU02	ANKE1_HUMAN	ANKEF1	Ankyrin repeat and EF-hand domain-containing protein 1	1	1		27618.4
Q9NU22	MDN1_HUMAN	MDN1	Midasin	4	4	272426	298777
Q9NUD5	ZCHC3_HUMAN	ZCCHC3	Zinc finger CCHC domain-containing protein 3	1	1		26124.1
Q9NUP9	LIN7C_HUMAN	LIN7C	Protein lin-7 homolog C	2	2	311415	197790
Q9NUT2	MITOS_HUMAN	ABCB8	Mitochondrial potassium channel ATP-binding subunit	1	1		30810.6
Q9NUU6	OTULL_HUMAN	OTULINL	Inactive ubiquitin thioesterase OTULINL	1	1		15672.4
Q9NUU7;Q9UMR2	DD19A_HUMAN;DD19B_HUMAN	DDX19A;DDX19B	ATP-dependent RNA helicase DDX19A	2	0		21797.3
Q9NUY8	TBC23_HUMAN	TBC1D23	TBC1 domain family member 23	1	1		30992.3
Q9NV35	NUD15_HUMAN	NUDT15	Nucleotide triphosphate diphosphatase NUDT15	1	1	83232.5	
Q9NV88	INT9_HUMAN	INTS9	Integrator complex subunit 9	1	1	185728	
Q9NV96	CC50A_HUMAN	TMEM30A	Cell cycle control protein 50A	1	1		44979.1
Q9NVC6	MED17_HUMAN	MED17	Mediator of RNA polymerase II transcription subunit 17	1	1		26911.4
Q9NVH1	DJC11_HUMAN	DNAJC11	DnaJ homolog subfamily C member 11	1	1	117905	59023.4
Q9NVN8	GNL3L_HUMAN	GNL3L	Guanine nucleotide-binding protein-like 3-like protein	2	2		881449
Q9NVR2	INT10_HUMAN	INTS10	Integrator complex subunit 10	1	1		15623.7
Q9NVT9	ARMC1_HUMAN	ARMC1	Armadillo repeat-containing protein 1	1	1		21758.1
Q9NVU7	SDA1_HUMAN	SDAD1	Protein SDA1 homolog	1	1		16932.9
Q9NVX0	HAUS2_HUMAN	HAUS2	HAUS augmin-like complex subunit 2	1	1	366338	468528
Q9NW15	ANO10_HUMAN	ANO10	Anoctamin-10	1	1		38382.8
Q9NW82	WDR70_HUMAN	WDR70	WD repeat-containing protein 70	1	1		12288.2
Q9NWH9	SLTM_HUMAN	SLTM	SAFB-like transcription modulator	1	1		131766
Q9NWM3	CUED1_HUMAN	CUEDC1	CUE domain-containing protein 1	1	1		27712.3
Q9NWW5	CLN6_HUMAN	CLN6	Ceroid-lipofuscinosis neuronal protein 6	1	1		38312.8
Q9NWZ5	UCKL1_HUMAN	UCKL1	Uridine-cytidine kinase-like 1	2	2	158671	144531
Q9NX09	DDIT4_HUMAN	DDIT4	DNA damage-inducible transcript 4 protein	1	1		89548.4
Q9NX14	NDUBB_HUMAN	NDUFB11	NADH dehydrogenase [ubiquinone] 1 beta subcomplex subunit 11, mitochondrial	2	2		24851.4
Q9NX20	RM16_HUMAN	MRPL16	Large ribosomal subunit protein uL16m	1	1	18000.2	
Q9NX65	ZSC32_HUMAN	ZSCAN32	Zinc finger and SCAN domain-containing protein 32	1	1		11895.3
Q9NXE4	NSMA3_HUMAN	SMPD4	Sphingomyelin phosphodiesterase 4	2	2	69805.4	31632.5
Q9NXG2	THUM1_HUMAN	THUMPD1	THUMP domain-containing protein 1	1	1		173140
Q9NXP7	GIN1_HUMAN	GIN1	Gypsy retrotransposon integrase-like protein 1	1	1	423642	731660
Q9NY27	PP4R2_HUMAN	PPP4R2	Serine/threonine-protein phosphatase 4 regulatory subunit 2	1	1	692984	509324
Q9NY61	AATF_HUMAN	AATF	Protein AATF	4	4	169725	203452
Q9NY64	SL2A8_HUMAN	SLC2A8	Solute carrier family 2, facilitated glucose transporter member 8	1	1		62649.9
Q9NY74	ETAA1_HUMAN	ETAA1	Ewing's tumor-associated antigen 1	1	1	23382.2	21189.2
Q9NYK6	EURL_HUMAN	EURL	Protein EURL homolog	1	1		10041.4
Q9NYP7	ELOV5_HUMAN	ELOVL5	Very long chain fatty acid elongase 5	1	1	152920	381737
Q9NYW8	RBAK_HUMAN	RBAK	RB-associated KRAB zinc finger protein	1	1	49593.8	58145.2
Q9NYY3	PLK2_HUMAN	PLK2	Serine/threonine-protein kinase PLK2	1	1		68196.2
Q9NZ01	TECR_HUMAN	TECR	Very-long-chain enoyl-CoA reductase	1	1	19226.3	8074.26
Q9NZ32	ARP10_HUMAN	ACTR10	Actin-related protein 10	1	1	92634.6	
Q9NZ42	PEN2_HUMAN	PSENEN	Gamma-secretase subunit PEN-2	1	1		9744.08
Q9NZC9	SMAL1_HUMAN	SMARCAL1	SWI/SNF-related matrix-associated actin-dependent regulator of chromatin subfamily A-like protein 1	1	1	136382	224144
Q9NZI8	IF2B1_HUMAN	IGF2BP1	Insulin-like growth factor 2 mRNA-binding protein 1	1	1		58805.1
Q9NZJ4	SACS_HUMAN	SACS	Sacsin	3	3	42858.3	26903.1
Q9NZJ7	MTCH1_HUMAN	MTCH1	Mitochondrial carrier homolog 1	1	1		13726.7
Q9NZN4	EHD2_HUMAN	EHD2	EH domain-containing protein 2	2	1		84021.5
Q9NZT1	CALL5_HUMAN	CALML5	Calmodulin-like protein 5	7	7	75595.2	33034.2
Q9P000	COMD9_HUMAN	COMMD9	COMM domain-containing protein 9	1	1		59053.2
Q9P0I2	EMC3_HUMAN	EMC3	ER membrane protein complex subunit 3	2	2	506337	414277
Q9P0K7	RAI14_HUMAN	RAI14	Ankycorbin	1	1	55425.6	47208.1
Q9P0L0	VAPA_HUMAN	VAPA	Vesicle-associated membrane protein-associated protein A	2	2		68758.1
Q9P0S3	ORML1_HUMAN	ORMDL1	ORM1-like protein 1	1	1	11249	
Q9P0U1	TOM7_HUMAN	TOMM7	Mitochondrial import receptor subunit TOM7 homolog	2	2	367556	510091
Q9P0V9	SEP10_HUMAN	SEPTIN10	Septin-10	1	1	48908.7	13163
Q9P1A2	PP4RL_HUMAN	PPP4R1L	Putative serine/threonine-protein phosphatase 4 regulatory subunit 1-like	1	1	55151.1	48909.4
Q9P215	POGK_HUMAN	POGK	Pogo transposable element with KRAB domain	1	1		43814.3
Q9P265	DIP2B_HUMAN	DIP2B	Disco-interacting protein 2 homolog B	2	2	83224.7	67188.6
Q9P278	FNIP2_HUMAN	FNIP2	Folliculin-interacting protein 2	1	1		73086
Q9P2B2	FPRP_HUMAN	PTGFRN	Prostaglandin F2 receptor negative regulator	2	2		47333.9
Q9P2B4	CT2NL_HUMAN	CTTNBP2NL	CTTNBP2 N-terminal-like protein	2	2		43167.6
Q9P2E3	ZNFX1_HUMAN	ZNFX1	NFX1-type zinc finger-containing protein 1	2	2		23437.3
Q9P2I0	CPSF2_HUMAN	CPSF2	Cleavage and polyadenylation specificity factor subunit 2	1	1	45113.6	27030.6
Q9P2K1	C2D2A_HUMAN	CC2D2A	Coiled-coil and C2 domain-containing protein 2A	2	2	23317.6	31203.6
Q9P2L0	WDR35_HUMAN	WDR35	WD repeat-containing protein 35	1	1		76999.9
Q9UBB4	ATX10_HUMAN	ATXN10	Ataxin-10	1	1	444278	173338
Q9UBB9	TFP11_HUMAN	TFIP11	Tuftelin-interacting protein 11	2	2	89884.3	22820.6
Q9UBC9	SPRR3_HUMAN	SPRR3	Small proline-rich protein 3	1	1	25980.8	
Q9UBE0	SAE1_HUMAN	SAE1	SUMO-activating enzyme subunit 1	3	3	460536	195161
Q9UBK2	PRGC1_HUMAN	PPARGC1A	Peroxisome proliferator-activated receptor gamma coactivator 1-alpha	1	1		18571.1
Q9UBK7;Q9UNT1	RBL2A_HUMAN;RBL2B_HUMAN	RABL2A;RABL2B	Rab-like protein 2A	1	0		26578.2
Q9UBK8	MTRR_HUMAN	MTRR	Methionine synthase reductase	1	1	45116	41026.2
Q9UBK9	UXT_HUMAN	UXT	Protein UXT	1	1		22081.1
Q9UBL3	ASH2L_HUMAN	ASH2L	Set1/Ash2 histone methyltransferase complex subunit ASH2	1	1	160635	7786.95
Q9UBL6	CPNE7_HUMAN	CPNE7	Copine-7	1	1		47332.9
Q9UBQ0	VPS29_HUMAN	VPS29	Vacuolar protein sorting-associated protein 29	1	1		20930.4
Q9UBQ5	EIF3K_HUMAN	EIF3K	Eukaryotic translation initiation factor 3 subunit K	2	2	22443.1	19856.1
Q9UBR2	CATZ_HUMAN	CTSZ	Cathepsin Z	1	1	346989	426499
Q9UBT2	SAE2_HUMAN	UBA2	SUMO-activating enzyme subunit 2	1	1	18007.7	34930.7
Q9UBU6	FA8A1_HUMAN	FAM8A1	Protein FAM8A1	1	1		34847.1
Q9UBU8	MO4L1_HUMAN	MORF4L1	Mortality factor 4-like protein 1	1	1	59881.1	117238
Q9UBV2	SE1L1_HUMAN	SEL1L	Protein sel-1 homolog 1	1	1		11217.8
Q9UDW1	QCR9_HUMAN	UQCR10	Cytochrome b-c1 complex subunit 9	4	4	41502.5	34401
Q9UEE5	ST17A_HUMAN	STK17A	Serine/threonine-protein kinase 17A	1	1	2.63552e+06	58697.4
Q9UF56	FXL17_HUMAN	FBXL17	F-box/LRR-repeat protein 17	1	1		15999.9
Q9UGM3	DMBT1_HUMAN	DMBT1	Scavenger receptor cysteine-rich domain-containing protein DMBT1	1	1	75978.7	
Q9UGR2	Z3H7B_HUMAN	ZC3H7B	Zinc finger CCCH domain-containing protein 7B	1	1		8620.97
Q9UGV2	NDRG3_HUMAN	NDRG3	Protein NDRG3	1	1		7405.29
Q9UHB9	SRP68_HUMAN	SRP68	Signal recognition particle subunit SRP68	1	1		41657.9
Q9UHD2	TBK1_HUMAN	TBK1	Serine/threonine-protein kinase TBK1	3	3	2.54607e+06	2.90688e+06
Q9UHD8	SEPT9_HUMAN	SEPTIN9	Septin-9	2	2		13399.1
Q9UHD9	UBQL2_HUMAN	UBQLN2	Ubiquilin-2	1	1		5040.27
Q9UHH9	IP6K2_HUMAN	IP6K2	Inositol hexakisphosphate kinase 2	1	1		15827.7
Q9UHI6	DDX20_HUMAN	DDX20	Probable ATP-dependent RNA helicase DDX20	1	1		20555.4
Q9UHJ3	SMBT1_HUMAN	SFMBT1	Scm-like with four MBT domains protein 1	2	2	11543.6	9250.21
Q9UHL9	GT2D1_HUMAN	GTF2IRD1	General transcription factor II-I repeat domain-containing protein 1	1	1		21062.1
Q9UHP3	UBP25_HUMAN	USP25	Ubiquitin carboxyl-terminal hydrolase 25	1	1		40501.2
Q9UHR4	BI2L1_HUMAN	BAIAP2L1	BAR/IMD domain-containing adapter protein 2-like 1	1	1	85092.6	100311
Q9UHR5	S30BP_HUMAN	SAP30BP	SAP30-binding protein	1	1		25512.8
Q9UHX1	PUF60_HUMAN	PUF60	Poly(U)-binding-splicing factor PUF60	6	6		254969
Q9UI10	EI2BD_HUMAN	EIF2B4	Translation initiation factor eIF2B subunit delta	1	1		23791.2
Q9UIA9	XPO7_HUMAN	XPO7	Exportin-7	1	1		4292.8
Q9UID3	VPS51_HUMAN	VPS51	Vacuolar protein sorting-associated protein 51 homolog	1	1	333389	249393
Q9UIF9	BAZ2A_HUMAN	BAZ2A	Bromodomain adjacent to zinc finger domain protein 2A	1	1	599703	809475
Q9UIG4	PS1C2_HUMAN	PSORS1C2	Psoriasis susceptibility 1 candidate gene 2 protein	1	1	42061	
Q9UIX4	KCNG1_HUMAN	KCNG1	Voltage-gated potassium channel regulatory subunit KCNG1	1	1		352012
Q9UIY3	RWD2A_HUMAN	RWDD2A	RWD domain-containing protein 2A	1	1		30312.2
Q9UJA3	MCM8_HUMAN	MCM8	DNA helicase MCM8	1	1		14718.1
Q9UJX2	CDC23_HUMAN	CDC23	Cell division cycle protein 23 homolog	1	1		7658.35
Q9UJX4	APC5_HUMAN	ANAPC5	Anaphase-promoting complex subunit 5	1	1		16692.2
Q9UJX5	APC4_HUMAN	ANAPC4	Anaphase-promoting complex subunit 4	1	1	12903.6	
Q9UJY4	GGA2_HUMAN	GGA2	ADP-ribosylation factor-binding protein GGA2	1	1		11672.4
Q9UJZ1	STML2_HUMAN	STOML2	Stomatin-like protein 2, mitochondrial	2	2		32545
Q9UK61	TASOR_HUMAN	TASOR	Protein TASOR	2	2	18794.6	14386.8
Q9UKA4	AKA11_HUMAN	AKAP11	A-kinase anchor protein 11	1	1		98904.8
Q9UKD2	MRT4_HUMAN	MRTO4	mRNA turnover protein 4 homolog	1	1		20940.6
Q9UKI2	BORG2_HUMAN	CDC42EP3	Cdc42 effector protein 3	1	1		33627
Q9UKJ3	GPTC8_HUMAN	GPATCH8	G patch domain-containing protein 8	2	2		13894.3
Q9UKK3	PARP4_HUMAN	PARP4	Protein mono-ADP-ribosyltransferase PARP4	3	3		31250.9
Q9UKL6	PPCT_HUMAN	PCTP	Phosphatidylcholine transfer protein	1	1		9264.36
Q9UKM9	RALY_HUMAN	RALY	RNA-binding protein Raly	1	1		20195.7
Q9UKV8;Q9UL18	AGO1_HUMAN;AGO2_HUMAN	AGO1;AGO2	Protein argonaute-2	1	0		45735
Q9UKX7	NUP50_HUMAN	NUP50	Nuclear pore complex protein Nup50	1	1		15719.3
Q9UKZ1	CNO11_HUMAN	CNOT11	CCR4-NOT transcription complex subunit 11	1	1		5641.94
Q9UL01	DSE_HUMAN	DSE	Dermatan-sulfate epimerase	1	1	152088	
Q9UL03	INT6_HUMAN	INTS6	Integrator complex subunit 6	1	1		130353
Q9ULG6	CCPG1_HUMAN	CCPG1	Cell cycle progression protein 1	1	1	36131.4	28061.4
Q9ULI2	RIMKB_HUMAN	RIMKLB	Beta-citrylglutamate synthase B	1	1		10298.3
Q9ULK4	MED23_HUMAN	MED23	Mediator of RNA polymerase II transcription subunit 23	1	1		55649.3
Q9ULW0	TPX2_HUMAN	TPX2	Targeting protein for Xklp2	2	2		16520.1
Q9UM00	TMCO1_HUMAN	TMCO1	Calcium load-activated calcium channel	1	1	1.13112e+06	125319
Q9UM63	PLAL1_HUMAN	PLAGL1	Zinc finger protein PLAGL1	1	1		399020
Q9UMS4	PRP19_HUMAN	PRPF19	Pre-mRNA-processing factor 19	3	3	42597.8	69987.7
Q9UMX5	NENF_HUMAN	NENF	Neudesin	1	1		34809.3
Q9UN79	SOX13_HUMAN	SOX13	Transcription factor SOX-13	1	1		13026.7
Q9UNH6	SNX7_HUMAN	SNX7	Sorting nexin-7	1	1	104109	476767
Q9UNH7	SNX6_HUMAN	SNX6	Sorting nexin-6	1	1		11208.2
Q9UNX4	WDR3_HUMAN	WDR3	WD repeat-containing protein 3	2	2		19037.9
Q9UPM8	AP4E1_HUMAN	AP4E1	AP-4 complex subunit epsilon-1	1	1		15338.5
Q9UPN7	PP6R1_HUMAN	PPP6R1	Serine/threonine-protein phosphatase 6 regulatory subunit 1	2	2		53569.1
Q9UPQ0	LIMC1_HUMAN	LIMCH1	LIM and calponin homology domains-containing protein 1	1	1		90472.1
Q9UPT9	UBP22_HUMAN	USP22	Ubiquitin carboxyl-terminal hydrolase 22	2	1	163768	204304
Q9UPU7	TBD2B_HUMAN	TBC1D2B	TBC1 domain family member 2B	1	1		8993.36
Q9UPY5	XCT_HUMAN	SLC7A11	Cystine/glutamate transporter	2	2	19395.6	13139.5
Q9UQE7	SMC3_HUMAN	SMC3	Structural maintenance of chromosomes protein 3	2	2		58271.5
Q9UQL6	HDAC5_HUMAN	HDAC5	Histone deacetylase 5	1	1		40603.1
Q9Y221	NIP7_HUMAN	NIP7	60S ribosome subunit biogenesis protein NIP7 homolog	1	1		28272.1
Q9Y224	RTRAF_HUMAN	RTRAF	RNA transcription, translation and transport factor protein	1	1	96824.1	45536.2
Q9Y242	TCF19_HUMAN	TCF19	Transcription factor 19	1	1		33905.8
Q9Y255	PRLD1_HUMAN	PRELID1	PRELI domain-containing protein 1, mitochondrial	1	1	59890.9	160129
Q9Y282	ERGI3_HUMAN	ERGIC3	Endoplasmic reticulum-Golgi intermediate compartment protein 3	3	3	170925	288284
Q9Y285	SYFA_HUMAN	FARSA	Phenylalanine--tRNA ligase alpha subunit	2	2	108117	103772
Q9Y289	SC5A6_HUMAN	SLC5A6	Sodium-dependent multivitamin transporter	2	2	20660.9	26507.5
Q9Y295	DRG1_HUMAN	DRG1	Developmentally-regulated GTP-binding protein 1	1	1		18999.4
Q9Y2A7	NCKP1_HUMAN	NCKAP1	Nck-associated protein 1	2	2	18709.6	16262.6
Q9Y2E8	SL9A8_HUMAN	SLC9A8	Sodium/hydrogen exchanger 8	1	1		16904.8
Q9Y2H6	FND3A_HUMAN	FNDC3A	Fibronectin type-III domain-containing protein 3A	1	1		43607.4
Q9Y2I7	FYV1_HUMAN	PIKFYVE	1-phosphatidylinositol 3-phosphate 5-kinase	1	1		67694.8
Q9Y2I9	TBC30_HUMAN	TBC1D30	TBC1 domain family member 30	1	1		17609.1
Q9Y2L1	RRP44_HUMAN	DIS3	Exosome complex exonuclease RRP44	1	1		39475.1
Q9Y2L5	TPPC8_HUMAN	TRAPPC8	Trafficking protein particle complex subunit 8	1	1		17202.7
Q9Y2P8	RCL1_HUMAN	RCL1	RNA 3'-terminal phosphate cyclase-like protein	1	1	25138.9	12925.4
Q9Y2Q9	RT28_HUMAN	MRPS28	Small ribosomal subunit protein bS1m	1	1	73964.8	41819.7
Q9Y2R4	DDX52_HUMAN	DDX52	Probable ATP-dependent RNA helicase DDX52	2	2		27594.1
Q9Y2R5	RT17_HUMAN	MRPS17	Small ribosomal subunit protein uS17m	1	1	74342.7	
Q9Y2R9	RT07_HUMAN	MRPS7	Small ribosomal subunit protein uS7m	1	1	90480.9	27060.7
Q9Y2T2	AP3M1_HUMAN	AP3M1	AP-3 complex subunit mu-1	1	1	222727	376235
Q9Y2U8	MAN1_HUMAN	LEMD3	Inner nuclear membrane protein Man1	1	1		38990.4
Q9Y2V0	CDIN1_HUMAN	CDIN1	CDAN1-interacting nuclease 1	1	1	1.4542e+06	57419.1
Q9Y2X3	NOP58_HUMAN	NOP58	Nucleolar protein 58	1	1	39257.4	44255.2
Q9Y2X9	ZN281_HUMAN	ZNF281	Zinc finger protein 281	1	1		21327.9
Q9Y2Z0	SGT1_HUMAN	SUGT1	Protein SGT1 homolog	1	1	50583.7	87544.7
Q9Y314	NOSIP_HUMAN	NOSIP	Nitric oxide synthase-interacting protein	1	1		20107.9
Q9Y320	TMX2_HUMAN	TMX2	Thioredoxin-related transmembrane protein 2	1	1		4577.92
Q9Y330	ZBT12_HUMAN	ZBTB12	Zinc finger and BTB domain-containing protein 12	1	1	396388	629945
Q9Y376	CAB39_HUMAN	CAB39	Calcium-binding protein 39	2	2		42210.1
Q9Y385	UB2J1_HUMAN	UBE2J1	Ubiquitin-conjugating enzyme E2 J1	1	1		7115.74
Q9Y3A5	SBDS_HUMAN	SBDS	Ribosome maturation protein SBDS	3	3	99566.9	120257
Q9Y3B1	PLD3B_HUMAN	PRELID3B	PRELI domain containing protein 3B	1	1		33655.8
Q9Y3B8	ORN_HUMAN	REXO2	Oligoribonuclease, mitochondrial	1	1	50156.4	
Q9Y3I1	FBX7_HUMAN	FBXO7	F-box only protein 7	1	1	118659	243357
Q9Y3T9	NOC2L_HUMAN	NOC2L	Nucleolar complex protein 2 homolog	3	3		61454.2
Q9Y448	SKAP_HUMAN	KNSTRN	Small kinetochore-associated protein	1	1		28769.9
Q9Y485	DMXL1_HUMAN	DMXL1	DmX-like protein 1	1	1		11076.5
Q9Y4A5	TRRAP_HUMAN	TRRAP	Transformation/transcription domain-associated protein	3	3	1.03897e+06	1.02648e+06
Q9Y4B6	DCAF1_HUMAN	DCAF1	DDB1- and CUL4-associated factor 1	1	1	103724	103267
Q9Y4C4	MFHA1_HUMAN	MFHAS1	Malignant fibrous histiocytoma-amplified sequence 1	2	2		27593.4
Q9Y4D1	DAAM1_HUMAN	DAAM1	Disheveled-associated activator of morphogenesis 1	1	1		44968.9
Q9Y4E8	UBP15_HUMAN	USP15	Ubiquitin carboxyl-terminal hydrolase 15	1	1	46322.2	35865.1
Q9Y4I1	MYO5A_HUMAN	MYO5A	Unconventional myosin-Va	2	2		26574.9
Q9Y4K0	LOXL2_HUMAN	LOXL2	Lysyl oxidase homolog 2	1	1	396637	
Q9Y4X0	AMMR1_HUMAN	AMMECR1	Nuclear protein AMMECR1	1	1	44768.7	196481
Q9Y508	RN114_HUMAN	RNF114	E3 ubiquitin-protein ligase RNF114	1	1		46441.8
Q9Y547	IFT25_HUMAN	IFT25	Intraflagellar transport protein 25 homolog	1	1		12609.3
Q9Y570	PPME1_HUMAN	PPME1	Protein phosphatase methylesterase 1	1	1	45690.8	104000
Q9Y5A9	YTHD2_HUMAN	YTHDF2	YTH domain-containing family protein 2	1	1		9455.13
Q9Y5B9	SP16H_HUMAN	SUPT16H	FACT complex subunit SPT16	1	1	19500.9	
Q9Y5K5	UCHL5_HUMAN	UCHL5	Ubiquitin carboxyl-terminal hydrolase isozyme L5	3	3	103014	62924.3
Q9Y5K8	VATD_HUMAN	ATP6V1D	V-type proton ATPase subunit D	2	2		412582
Q9Y5M8	SRPRB_HUMAN	SRPRB	Signal recognition particle receptor subunit beta	2	2		33019.6
Q9Y5U8	MPC1_HUMAN	MPC1	Mitochondrial pyruvate carrier 1	1	1		85052.3
Q9Y613	FHOD1_HUMAN	FHOD1	FH1/FH2 domain-containing protein 1	2	2		60484.9
Q9Y615	ACL7A_HUMAN	ACTL7A	Actin-like protein 7A	1	1	25310.5	
Q9Y618	NCOR2_HUMAN	NCOR2	Nuclear receptor corepressor 2	2	2		24871.4
Q9Y620	RA54B_HUMAN	RAD54B	DNA repair and recombination protein RAD54B	2	2		12943.9
Q9Y675	SNURF_HUMAN	SNURF	SNRPN upstream reading frame protein	1	1		28442.9
Q9Y678	COPG1_HUMAN	COPG1	Coatomer subunit gamma-1	1	1	35827.4	182085
Q9Y6B7	AP4B1_HUMAN	AP4B1	AP-4 complex subunit beta-1	1	1		30083
Q9Y6C9	MTCH2_HUMAN	MTCH2	Mitochondrial carrier homolog 2	3	3	20243.7	19717.5
Q9Y6D6	BIG1_HUMAN	ARFGEF1	Brefeldin A-inhibited guanine nucleotide-exchange protein 1	2	1	17580.6	12495
Q9Y6E2	5MP1_HUMAN	BZW2	eIF5-mimic protein 1	2	2		35545.3
Q9Y6G3	RM42_HUMAN	MRPL42	Large ribosomal subunit protein mL42	1	1		8422.5
Q9Y6J9	TAF6L_HUMAN	TAF6L	TAF6-like RNA polymerase II p300/CBP-associated factor-associated factor 65 kDa subunit 6L	1	1		55615.7
Q9Y6K1	DNM3A_HUMAN	DNMT3A	DNA (cytosine-5)-methyltransferase 3A	1	1	77210.4	175244
Q9Y6K5	OAS3_HUMAN	OAS3	2'-5'-oligoadenylate synthase 3	1	1		20234.8
Q9Y6W5	WASF2_HUMAN	WASF2	Actin-binding protein WASF2	1	1		19318.5
